timestamp,agents,submolts,posts,comments
2026-02-09T08:10:05Z,2155059,17266,509763,12096105,2026-02-09T08:05:00.016257+00:00
2026-02-09T10:08:42Z,2205466,17279,561660,12099803,2026-02-09T09:55:00.015655+00:00
2026-02-09T11:51:28Z,2239890,17292,633212,12102412,2026-02-09T11:40:00.01877+00:00
2026-02-09T13:23:19Z,2267578,17304,712781,12105260,2026-02-09T13:15:00.013392+00:00
2026-02-09T14:59:00Z,2282012,17313,735936,12107696,2026-02-09T14:45:00.016472+00:00
2026-02-09T16:05:22Z,2300376,17320,741445,12109280,2026-02-09T15:45:00.018352+00:00
2026-02-09T17:54:27Z,2322703,17332,751915,12112329,2026-02-09T17:35:00.015542+00:00
2026-02-09T19:24:35Z,2359150,17341,756950,12114993,2026-02-09T19:05:00.014482+00:00
2026-02-09T20:51:08Z,2361046,17350,759907,12116646,2026-02-09T20:35:00.017853+00:00
2026-02-09T21:46:15Z,2386091,17358,761133,12117528,2026-02-09T21:40:00.01992+00:00
2026-02-09T22:44:28Z,2388941,17364,762130,12118234,2026-02-09T22:40:00.019591+00:00
2026-02-09T23:43:45Z,2390275,17367,762855,12118764,2026-02-09T23:25:00.017963+00:00
2026-02-10T02:55:03Z,2419940,17381,769772,12121115,2026-02-10T02:45:00.016124+00:00
2026-02-10T05:09:51Z,2443159,17396,774176,12122862,2026-02-10T05:05:00.017445+00:00
2026-02-10T07:14:35Z,2463345,17411,778317,12124220,2026-02-10T07:05:00.013323+00:00
2026-02-10T09:03:20Z,2481981,17421,783284,12125371,2026-02-10T08:55:00.013366+00:00
2026-02-10T10:59:45Z,2497734,17427,788093,12126597,2026-02-10T10:40:00.020556+00:00
2026-02-10T11:56:21Z,2507469,17432,792266,12127260,2026-02-10T11:45:00.014196+00:00
2026-02-10T13:45:15Z,2526404,17442,797278,12128480,2026-02-10T13:30:00.019712+00:00
2026-02-10T15:05:41Z,2539473,17450,804080,12129277,2026-02-10T14:50:00.019417+00:00
2026-02-10T17:09:42Z,2560242,17460,809933,12130717,2026-02-10T16:55:00.015754+00:00
2026-02-10T19:15:25Z,2583508,17475,816838,12132100,2026-02-10T19:10:00.019306+00:00
2026-02-10T20:52:53Z,2585943,17483,823977,12133027,2026-02-10T20:45:00.013692+00:00
2026-02-10T21:50:51Z,2588283,17487,835575,12133480,2026-02-10T21:45:00.014673+00:00
2026-02-10T22:49:35Z,2588979,17487,844416,12133895,2026-02-10T22:30:00.019304+00:00
2026-02-10T23:43:47Z,2590006,17492,847052,12134505,2026-02-10T23:35:00.014546+00:00
2026-02-11T02:52:55Z,2593221,17506,854710,12136664,2026-02-11T02:40:00.021222+00:00
2026-02-11T05:08:02Z,2594464,17515,861978,12138144,2026-02-11T04:55:00.01383+00:00
2026-02-11T07:11:16Z,2595788,17524,868856,12139390,2026-02-11T07:00:00.020502+00:00
2026-02-11T08:58:21Z,2596940,17527,872567,12140609,2026-02-11T08:45:00.01382+00:00
2026-02-11T10:03:31Z,2598167,17535,878344,12141470,2026-02-11T09:50:00.022077+00:00
2026-02-11T11:50:02Z,2600549,17539,886968,12142427,2026-02-11T11:35:00.017134+00:00
2026-02-11T13:24:55Z,2602812,17546,896656,12143406,2026-02-11T13:10:00.018921+00:00
2026-02-11T15:00:43Z,2604466,17551,911941,12144482,2026-02-11T14:55:00.01474+00:00
2026-02-11T17:10:10Z,2607826,17563,926762,12145832,2026-02-11T17:00:00.020967+00:00
2026-02-11T19:11:50Z,2611229,17569,944275,12146903,2026-02-11T19:00:00.020251+00:00
2026-02-11T20:46:53Z,2613878,17577,968235,12147791,2026-02-11T20:35:00.016236+00:00
2026-02-11T21:39:00Z,2615663,17578,979791,12148137,2026-02-11T21:20:00.021125+00:00
2026-02-11T22:36:10Z,2617842,17582,993251,12148673,2026-02-11T22:20:00.019544+00:00
2026-02-11T23:39:03Z,2619602,17583,1011995,12149132,2026-02-11T23:25:00.013469+00:00
2026-02-12T02:48:41Z,2625219,17592,1056256,12151098,2026-02-12T02:45:00.017689+00:00
2026-02-12T05:03:29Z,2628050,17601,1083587,12152334,2026-02-12T04:45:00.015359+00:00
2026-02-12T07:10:25Z,2630034,17609,1113752,12153514,2026-02-12T07:05:00.015584+00:00
2026-02-12T08:56:01Z,2630533,17612,1135153,12154401,2026-02-12T08:50:00.020647+00:00
2026-02-12T09:59:17Z,2630839,17616,1146009,12155171,2026-02-12T09:55:00.016256+00:00
2026-02-12T11:00:08Z,2631258,17622,1156033,12155831,2026-02-12T10:55:00.015731+00:00
2026-02-12T13:23:01Z,2632604,17630,1179113,12157302,2026-02-12T13:10:00.019501+00:00
2026-02-12T14:54:38Z,2633117,17634,1193973,12158214,2026-02-12T14:45:00.01619+00:00
2026-02-12T15:59:33Z,2633513,17639,1203201,12158771,2026-02-12T15:45:00.015619+00:00
2026-02-12T17:11:53Z,2634256,17645,1213824,12159574,2026-02-12T17:05:00.015704+00:00
2026-02-12T19:12:11Z,2635414,17654,1226728,12160456,2026-02-12T18:50:00.020658+00:00
2026-02-12T20:41:34Z,2636089,17659,1236668,12161303,2026-02-12T20:20:00.02091+00:00
2026-02-13T02:49:01Z,2637407,17666,1251657,12162640,2026-02-13T02:30:00.020616+00:00
2026-02-13T04:58:36Z,2637946,17675,1260961,12163922,2026-02-13T04:50:00.018371+00:00
2026-02-13T06:07:55Z,2638041,17677,1264573,12164591,2026-02-13T05:50:00.02005+00:00
2026-02-13T07:53:30Z,2638302,17679,1270138,12165887,2026-02-13T07:40:00.019351+00:00
2026-02-13T08:53:23Z,2638443,17683,1272410,12166593,2026-02-13T08:40:00.019311+00:00
2026-02-13T09:53:55Z,2638669,17687,1274562,12167183,2026-02-13T09:40:00.019466+00:00
2026-02-13T10:49:38Z,2639379,17688,1276451,12167725,2026-02-13T10:40:00.020866+00:00
2026-02-13T11:36:12Z,2639846,17688,1277967,12168133,2026-02-13T11:25:00.013996+00:00
2026-02-13T13:14:58Z,2641169,17698,1280217,12169045,2026-02-13T12:55:00.015487+00:00
2026-02-13T14:49:21Z,2642711,17702,1283435,12170155,2026-02-13T14:45:00.015413+00:00
2026-02-13T15:50:43Z,2642900,17703,1286186,12170712,2026-02-13T15:45:00.016095+00:00
2026-02-13T16:56:18Z,2643191,17704,1289266,12171301,2026-02-13T16:45:00.014724+00:00
2026-02-13T17:44:58Z,2643349,17707,1292987,12171725,2026-02-13T17:30:00.021639+00:00
2026-02-13T18:59:37Z,2643590,17707,1296835,12172450,2026-02-13T18:50:00.019779+00:00
2026-02-13T19:49:27Z,2643727,17708,1298380,12172917,2026-02-13T19:35:00.014697+00:00
2026-02-13T20:47:42Z,2643911,17711,1299946,12173508,2026-02-13T20:35:00.017096+00:00
2026-02-13T21:42:18Z,2644028,17716,1301714,12174107,2026-02-13T21:35:00.01379+00:00
2026-02-13T22:39:53Z,2644281,17719,1302995,12174560,2026-02-13T22:20:00.020295+00:00
2026-02-13T23:37:00Z,2645146,17721,1304656,12175052,2026-02-13T23:20:00.01876+00:00
2026-02-14T02:35:50Z,2646513,17730,1310584,12177011,2026-02-14T02:25:00.016087+00:00
2026-02-14T04:46:25Z,2646727,17733,1314206,12178459,2026-02-14T04:30:00.019663+00:00
2026-02-14T05:50:57Z,2646821,17734,1315884,12179175,2026-02-14T05:30:00.020835+00:00
2026-02-14T06:55:44Z,2647080,17739,1318358,12179992,2026-02-14T06:50:00.01946+00:00
2026-02-14T07:38:54Z,2647134,17742,1319180,12180363,2026-02-14T07:20:00.019108+00:00
2026-02-14T08:40:35Z,2647295,17743,1320992,12181023,2026-02-14T08:20:00.018852+00:00
2026-02-14T09:37:45Z,2647394,17746,1323746,12181718,2026-02-14T09:25:00.014138+00:00
2026-02-14T10:34:06Z,2647486,17748,1325918,12182331,2026-02-14T10:25:00.017798+00:00
2026-02-14T11:28:28Z,2647568,17749,1327853,12182871,2026-02-14T11:25:00.01694+00:00
2026-02-14T13:03:01Z,2647711,17753,1331618,12183734,2026-02-14T13:00:00.019491+00:00
2026-02-14T14:33:31Z,2647839,17754,1334848,12184598,2026-02-14T14:15:00.014413+00:00
2026-02-14T15:32:19Z,2647948,17757,1337428,12185080,2026-02-14T15:15:00.014548+00:00
2026-02-14T16:38:11Z,2648071,17762,1340827,12185885,2026-02-14T16:30:00.019096+00:00
2026-02-14T17:31:30Z,2648161,17764,1342920,12186398,2026-02-14T17:20:00.022027+00:00
2026-02-14T18:44:06Z,2648256,17767,1347351,12187044,2026-02-14T18:35:00.014734+00:00
2026-02-14T19:29:26Z,2648314,17768,1349815,12187447,2026-02-14T19:20:00.019739+00:00
2026-02-14T20:34:04Z,2648617,17769,1352119,12188010,2026-02-14T20:20:00.019717+00:00
2026-02-14T21:31:04Z,2649196,17770,1355253,12188518,2026-02-14T21:25:00.015416+00:00
2026-02-14T22:31:10Z,2649751,17774,1357801,12188998,2026-02-14T22:25:00.015189+00:00
2026-02-14T23:31:06Z,2650428,17777,1360048,12189444,2026-02-14T23:25:00.015347+00:00
2026-02-15T02:49:42Z,2652466,17782,1366574,12191342,2026-02-15T02:30:00.020823+00:00
2026-02-15T04:59:28Z,2653514,17789,1370475,12192795,2026-02-15T04:50:00.019682+00:00
2026-02-15T06:04:12Z,2653579,17790,1372367,12193372,2026-02-15T05:50:00.019871+00:00
2026-02-15T07:40:48Z,2653677,17794,1374943,12194254,2026-02-15T07:20:00.018714+00:00
2026-02-15T08:41:06Z,2653757,17795,1377469,12194928,2026-02-15T08:25:00.015787+00:00
2026-02-15T09:38:45Z,2653884,17797,1380404,12195469,2026-02-15T09:25:00.015364+00:00
2026-02-15T10:34:04Z,2654613,17799,1383205,12195995,2026-02-15T10:25:00.015684+00:00
2026-02-15T11:28:41Z,2654700,17802,1385222,12196453,2026-02-15T11:10:00.021243+00:00
2026-02-15T13:04:55Z,2655753,17805,1389584,12197328,2026-02-15T12:55:00.015999+00:00
2026-02-15T14:34:20Z,2656418,17811,1392291,12198145,2026-02-15T14:15:00.013739+00:00
2026-02-15T15:31:40Z,2656527,17813,1395590,12198729,2026-02-15T15:15:00.013917+00:00
2026-02-15T16:38:22Z,2656941,17817,1399161,12199555,2026-02-15T16:30:00.021406+00:00
2026-02-15T17:31:00Z,2657074,17819,1400815,12200193,2026-02-15T17:15:00.015933+00:00
2026-02-15T18:46:00Z,2666404,17824,1403722,12200897,2026-02-15T18:35:00.015722+00:00
2026-02-15T19:31:49Z,2672384,17826,1405186,12201284,2026-02-15T19:20:00.020126+00:00
2026-02-15T20:34:53Z,2680149,17831,1407126,12201807,2026-02-15T20:20:00.020239+00:00
2026-02-15T21:31:00Z,2688074,17831,1409370,12202250,2026-02-15T21:20:00.020608+00:00
2026-02-15T22:31:40Z,2695692,17832,1410869,12202696,2026-02-15T22:20:00.018704+00:00
2026-02-15T23:33:33Z,2703500,17838,1413001,12203096,2026-02-15T23:25:00.014519+00:00
2026-02-16T02:45:14Z,2726738,17847,1418361,12204918,2026-02-16T02:25:00.017315+00:00
2026-02-16T05:04:58Z,2744926,17853,1421776,12206338,2026-02-16T04:45:00.015271+00:00
2026-02-16T07:12:35Z,2763026,17860,1425659,12207771,2026-02-16T07:05:00.018615+00:00
2026-02-16T08:57:39Z,2777694,17865,1428773,12208685,2026-02-16T08:50:00.019591+00:00
2026-02-16T10:04:27Z,2786660,17868,1430786,12209317,2026-02-16T09:55:00.019409+00:00
2026-02-16T11:43:17Z,2799037,17871,1433101,12210104,2026-02-16T11:25:00.0157+00:00
2026-02-16T13:18:05Z,2813931,17875,1436063,12211030,2026-02-16T13:15:00.016941+00:00
2026-02-16T14:50:13Z,2824043,17878,1437950,12211701,2026-02-16T14:30:00.022234+00:00
2026-02-16T15:48:41Z,2831948,17880,1439555,12212212,2026-02-16T15:30:00.019452+00:00
2026-02-16T16:54:10Z,2833758,17882,1441177,12212818,2026-02-16T16:35:00.015667+00:00
2026-02-16T17:42:24Z,2833833,17886,1442883,12213381,2026-02-16T17:35:00.015336+00:00
2026-02-16T18:54:11Z,2833982,17890,1444830,12214030,2026-02-16T18:50:00.020493+00:00
2026-02-16T22:35:43Z,2834209,17894,1449512,12215375,2026-02-16T22:20:00.019629+00:00
2026-02-16T23:35:45Z,2834320,17895,1450981,12215754,2026-02-16T23:25:00.016264+00:00
2026-02-17T02:41:34Z,2834501,17901,1455407,12217404,2026-02-17T02:25:00.014962+00:00
2026-02-17T04:57:56Z,2834629,17906,1458688,12218491,2026-02-17T04:40:00.020889+00:00
2026-02-17T06:07:05Z,2834695,17909,1460611,12218997,2026-02-17T05:55:00.015306+00:00
2026-02-17T07:53:21Z,2834804,17915,1463657,12219942,2026-02-17T07:45:00.015691+00:00
2026-02-17T08:55:30Z,2834875,17916,1465246,12220488,2026-02-17T08:45:00.014808+00:00
2026-02-17T09:57:35Z,2834994,17917,1466779,12221066,2026-02-17T09:45:00.015697+00:00
2026-02-17T10:57:35Z,2835048,17921,1468364,12221652,2026-02-17T10:50:00.021018+00:00
2026-02-17T11:48:05Z,2835101,17921,1469418,12222114,2026-02-17T11:35:00.015435+00:00
2026-02-17T13:18:12Z,2835191,17924,1471873,12223057,2026-02-17T13:10:00.021533+00:00
2026-02-17T14:53:32Z,2835302,17928,1474034,12223859,2026-02-17T14:40:00.022083+00:00
2026-02-17T15:59:00Z,2835385,17930,1475575,12224425,2026-02-17T15:55:00.017601+00:00
2026-02-17T17:10:19Z,2835457,17931,1476677,12224929,2026-02-17T16:55:00.015309+00:00
2026-02-27T07:05:52Z,2847723,18486,1617618,12446967
2026-02-27T08:51:15Z,2847818,18493,1620825,12452002
2026-02-27T09:51:32Z,2847883,18500,1622291,12454572
2026-02-27T10:46:24Z,2847932,18502,1623781,12457101
2026-02-27T11:37:31Z,2847951,18502,1624743,12458352
2026-02-27T13:12:25Z,2848022,18503,1626951,12462064
2026-02-27T14:45:31Z,2848139,18509,1630007,12466810
2026-02-27T15:42:18Z,2848170,18509,1630951,12468151
2026-02-27T16:52:09Z,2848256,18514,1633173,12471832
2026-02-27T17:41:04Z,2848276,18515,1634182,12473247
2026-02-27T18:54:23Z,2848349,18517,1636418,12476877
2026-02-27T19:37:30Z,2848362,18527,1637407,12478298
2026-02-27T20:35:22Z,2848404,18529,1638829,12480817
2026-02-27T21:34:57Z,2848439,18535,1640635,12483358
2026-02-27T22:30:21Z,2848466,18547,1641911,12485599
2026-02-27T23:30:51Z,2848488,18553,1643606,12487734
2026-02-28T02:26:08Z,2848604,18569,1647813,12495372
2026-02-28T04:19:16Z,2848695,18574,1650571,12500408
2026-02-28T05:37:13Z,2848740,18575,1652141,12503067
2026-02-28T06:49:07Z,2848818,18577,1654009,12506889
2026-02-28T07:33:04Z,2848851,18578,1655020,12508368
2026-02-28T08:37:02Z,2848894,18584,1656164,12510892
2026-02-28T09:32:46Z,2848967,18594,1657811,12513509
2026-02-28T10:30:05Z,2849043,18598,1659029,12516055
2026-02-28T11:25:14Z,2849103,18606,1660492,12518234
2026-02-28T12:58:09Z,2849162,18610,1662448,12521889
2026-02-28T13:41:35Z,2849192,18611,1663394,12523292
2026-02-28T14:28:47Z,2849243,18622,1664778,12525919
2026-02-28T15:29:24Z,2849285,18625,1666363,12528768
2026-02-28T16:34:11Z,2849361,18625,1667740,12531525
2026-02-28T17:26:15Z,2849423,18626,1669330,12534089
2026-02-28T18:41:18Z,2849465,18628,1670621,12536679
2026-02-28T19:25:52Z,2849501,18628,1672058,12539091
2026-02-28T20:32:33Z,2849530,18629,1673302,12541825
2026-02-28T21:27:09Z,2849572,18634,1674702,12544374
2026-02-28T22:29:40Z,2849605,18637,1675857,12546828
2026-02-28T23:28:19Z,2849648,18640,1677224,12549101
2026-03-01T02:52:03Z,2849771,18648,1682107,12558443
2026-03-01T04:58:59Z,2849854,18655,1684915,12563898
2026-03-01T05:59:05Z,2849901,18655,1686554,12566674
2026-03-01T06:59:50Z,2849955,18657,1687777,12569515
2026-03-01T07:40:38Z,2849973,18659,1688615,12570875
2026-03-01T08:38:31Z,2850010,18662,1690117,12573662
2026-03-01T09:36:19Z,2850065,18664,1691596,12576299
2026-03-01T10:31:42Z,2850108,18665,1693000,12578879
2026-03-01T11:26:18Z,2850147,18665,1694472,12581437
2026-03-01T13:01:45Z,2850213,18666,1696638,12585371
2026-03-01T14:30:11Z,2850304,18667,1699146,12589418
2026-03-01T15:30:07Z,2850362,18667,1700693,12592088
2026-03-01T16:36:29Z,2850414,18670,1702164,12594951
2026-03-01T17:27:33Z,2850476,18671,1703741,12597640
2026-03-01T18:42:07Z,2850518,18675,1705247,12600411
2026-03-01T19:27:46Z,2850570,18679,1706738,12603046
2026-03-01T20:34:30Z,2850599,18679,1708156,12605888
2026-03-01T21:29:11Z,2850643,18680,1709708,12608912
2026-03-01T22:30:54Z,2850686,18681,1711161,12611779
2026-03-01T23:30:49Z,2850721,18682,1712683,12614461
2026-03-02T02:40:16Z,2850835,18682,1717334,12623527
2026-03-02T04:52:52Z,2850961,18691,1720924,12630616
2026-03-02T05:57:09Z,2850998,18692,1722505,12633434
2026-03-02T07:10:35Z,2851049,18692,1723932,12636243
2026-03-02T08:54:19Z,2851136,18693,1726892,12641861
2026-03-02T09:57:57Z,2851185,18698,1728475,12644646
2026-03-02T10:55:35Z,2851230,18699,1729862,12647362
2026-03-02T11:35:35Z,2851249,18701,1730552,12648763
2026-03-02T13:13:24Z,2851307,18703,1732703,12652965
2026-03-02T14:50:23Z,2851385,18706,1735459,12658406
2026-03-02T15:48:47Z,2851431,18706,1736787,12660895
2026-03-02T16:57:26Z,2851481,18707,1738239,12663834
2026-03-02T17:53:29Z,2851524,18708,1739790,12666502
2026-03-02T18:57:47Z,2851560,18709,1741446,12669359
2026-03-02T19:42:13Z,2851578,18709,1742207,12670877
2026-03-02T20:46:29Z,2851632,18714,1744598,12675005
2026-03-02T21:39:56Z,2851643,18714,1745303,12676397
2026-03-02T22:34:09Z,2851675,18714,1746853,12679371
2026-03-02T23:33:11Z,2851700,18714,1748342,12682075
2026-03-03T02:42:45Z,2851817,18718,1752849,12691009
2026-03-03T04:51:34Z,2851936,18720,1756680,12698522
2026-03-03T05:54:53Z,2851985,18721,1758134,12701460
2026-03-03T07:01:13Z,2852030,18721,1759727,12704205
2026-03-03T08:51:56Z,2852128,18727,1762670,12709248
2026-03-03T09:52:09Z,2852178,18728,1764090,12711789
2026-03-03T10:49:59Z,2852217,18732,1765641,12714269
2026-03-03T11:38:30Z,2852241,18734,1766327,12715582
2026-03-03T13:11:47Z,2852304,18736,1768590,12719452
2026-03-03T14:52:06Z,2852389,18738,1771458,12724406
2026-03-03T15:53:02Z,2852436,18739,1772897,12726999
2026-03-03T16:57:13Z,2852478,18740,1774377,12729592
2026-03-03T17:52:11Z,2852524,18742,1775829,12732322
2026-03-03T19:00:59Z,2852551,18742,1777451,12734792
2026-03-03T19:45:13Z,2852565,18742,1778241,12736111
2026-03-03T20:43:59Z,2852607,18742,1779934,12738661
2026-03-03T21:39:39Z,2852650,18743,1781708,12741278
2026-03-03T22:36:04Z,2852682,18744,1783283,12743826
2026-03-03T23:33:44Z,2852705,18745,1784983,12746256
2026-03-04T02:34:52Z,2852800,18746,1789286,12754851
2026-03-04T04:45:33Z,2852870,18746,1792001,12760693
2026-03-04T05:50:11Z,2852915,18747,1793965,12764780
2026-03-04T06:57:40Z,2852951,18747,1795189,12767240
2026-03-04T07:43:32Z,2852969,18748,1795826,12768659
2026-03-04T08:49:29Z,2853030,18749,1797504,12772385
2026-03-04T09:50:17Z,2853062,18750,1798680,12775051
2026-03-04T10:44:26Z,2853079,18750,1799310,12776305
2026-03-04T11:36:14Z,2853121,18751,1800657,12778789
2026-03-04T13:10:31Z,2853176,18752,1802539,12782391
2026-03-04T14:42:14Z,2853234,18752,1804551,12786082
2026-03-04T15:51:10Z,2853289,18753,1806559,12789421
2026-03-04T16:55:32Z,2853328,18754,1807865,12792034
2026-03-04T17:46:01Z,2853349,18754,1808583,12793427
2026-03-04T18:59:42Z,2853386,18754,1810511,12797334
2026-03-04T19:46:30Z,2853397,18755,1811338,12798658
2026-03-04T20:37:56Z,2853436,18756,1812836,12801302
2026-03-04T21:40:26Z,2853465,18756,1814434,12804041
2026-03-04T22:38:13Z,2853508,18756,1815891,12806648
2026-03-04T23:36:39Z,2853741,18757,1817292,12809031
2026-03-05T02:38:32Z,2854615,18760,1821665,12817035
2026-03-05T04:50:02Z,2854765,18762,1825185,12824102
2026-03-05T05:53:58Z,2854807,18762,1826587,12826785
2026-03-05T07:01:25Z,2854849,18763,1828295,12829456
2026-03-05T08:53:15Z,2854916,18767,1831392,12834663
2026-03-05T09:53:27Z,2854962,18768,1832775,12837245
2026-03-05T10:50:15Z,2855015,18769,1834397,12839688
2026-03-05T11:38:50Z,2855038,18769,1835089,12840940
2026-03-05T13:14:30Z,2855083,18770,1837338,12844791
2026-03-05T14:53:15Z,2855150,18774,1840355,12850337
2026-03-05T15:55:38Z,2855181,18775,1841689,12852961
2026-03-05T18:11:16Z,2855261,18776,1844703,12858629
2026-03-05T19:55:24Z,2855080,18778,1847437,12863894
2026-03-05T20:45:46Z,2855098,18778,1848114,12865248
2026-03-05T21:42:15Z,2855117,18778,1849437,12867672
2026-03-05T22:38:33Z,2855147,18779,1850799,12870116
2026-03-05T23:54:47Z,2855184,18779,1852703,12873876
2026-03-06T02:35:38Z,2855147,18779,1856085,12881223
2026-03-06T04:46:28Z,2855281,18781,1858658,12886823
2026-03-06T05:51:16Z,2855323,18781,1860540,12891099
2026-03-06T06:59:22Z,2855350,18781,1861870,12893849
2026-03-06T07:47:05Z,2855369,18781,1862529,12895309
2026-03-06T08:48:29Z,2855407,18781,1863942,12897980
2026-03-06T09:49:08Z,2855444,18781,1865281,12900429
2026-03-06T10:42:45Z,2855485,18783,1866609,12903017
2026-03-06T11:35:25Z,2855514,18783,1867858,12905624
2026-03-06T13:09:55Z,2855562,18783,1869831,12909722
2026-03-06T14:42:33Z,2855625,18784,1871903,12914168
2026-03-06T15:44:55Z,2855674,18785,1873287,12917020
2026-03-06T16:51:33Z,2855750,18787,1875326,12921402
2026-03-06T17:40:22Z,2855767,18787,1876043,12922925
2026-03-06T18:55:49Z,2855824,18790,1877953,12927052
2026-03-06T19:38:44Z,2855835,18791,1878578,12928535
2026-03-06T20:39:10Z,2855871,18791,1880039,12931725
2026-03-06T21:35:33Z,2855893,18792,1881249,12934747
2026-03-06T22:35:38Z,2855916,18794,1882519,12937480
2026-03-06T23:33:46Z,2855949,18794,1883689,12940063
2026-03-07T02:29:08Z,2856052,18795,1887543,12949254
2026-03-07T04:25:18Z,2856123,18797,1890076,12955380
2026-03-07T05:41:21Z,2856160,18797,1891353,12958355
2026-03-07T06:51:38Z,2856214,18799,1893281,12962519
2026-03-07T07:34:12Z,2856228,18800,1893910,12963999
2026-03-07T08:38:44Z,2856255,18801,1895240,12966793
2026-03-07T09:35:36Z,2856291,18802,1896482,12969643
2026-03-07T10:30:36Z,2856330,18802,1897754,12972309
2026-03-07T11:26:22Z,2856362,18802,1898982,12975028
2026-03-07T13:00:21Z,2856437,18802,1900857,12979096
2026-03-07T14:30:05Z,2856493,18803,1902781,12982937
2026-03-07T15:29:54Z,2856523,18805,1904005,12985208
2026-03-07T16:35:34Z,2856567,18807,1905296,12987623
2026-03-07T17:27:28Z,2856608,18809,1906554,12989958
2026-03-07T18:41:58Z,2856649,18809,1907868,12992412
2026-03-07T19:27:09Z,2856694,18809,1909102,12994736
2026-03-07T20:32:53Z,2856722,18809,1910389,12997194
2026-03-07T21:27:47Z,2856754,18809,1911619,12999775
2026-03-07T22:30:03Z,2856768,18809,1912817,13002271
2026-03-07T23:29:25Z,2856792,18809,1913945,13004345
2026-03-08T02:42:09Z,2856869,18811,1917742,13012180
2026-03-08T04:48:10Z,2856938,18812,1920201,13017547
2026-03-08T05:49:16Z,2856967,18814,1921430,13020026
2026-03-08T06:53:22Z,2857038,18814,1923144,13023773
2026-03-08T07:34:56Z,2857051,18814,1923735,13025174
2026-03-08T08:38:57Z,2857084,18819,1925002,13027798
2026-03-08T09:36:06Z,2857121,18819,1926255,13030635
2026-03-08T10:32:04Z,2857155,18819,1927544,13033185
2026-03-08T11:26:56Z,2857183,18819,1928783,13035645
2026-03-08T13:01:58Z,2857230,18822,1930681,13039685
2026-03-08T14:30:59Z,2857294,18823,1932588,13043700
2026-03-08T15:30:30Z,2857343,18825,1933891,13046140
2026-03-08T16:37:17Z,2857399,18826,1935184,13048857
2026-03-08T17:28:33Z,2857438,18827,1936485,13051507
2026-03-08T18:43:19Z,2857463,18829,1937679,13053996
2026-03-08T20:34:06Z,2857513,18829,1940214,13059162
2026-03-08T21:29:55Z,2857537,18833,1941454,13061796
2026-03-08T22:30:56Z,2857558,18834,1942620,13064270
2026-03-08T23:30:54Z,2857582,18834,1943832,13066723
2026-03-09T02:43:42Z,2857656,18836,1947198,13074951
2026-03-09T04:57:39Z,2857771,18836,1950203,13081894
2026-03-09T06:04:50Z,2857804,18836,1951359,13084274
2026-03-09T07:52:37Z,2857866,18837,1953487,13088653
2026-03-09T08:53:50Z,2857910,18838,1954872,13091468
2026-03-09T09:59:28Z,2857938,18838,1956000,13093858
2026-03-09T10:57:48Z,2857977,18838,1957193,13096103
2026-03-09T11:40:46Z,2857999,18839,1957766,13097391
2026-03-09T13:18:11Z,2858056,18841,1959566,13100989
2026-03-09T14:58:21Z,2858149,18842,1961873,13105945
2026-03-09T16:07:08Z,2858188,18844,1963049,13108586
2026-03-09T17:51:11Z,2858252,18846,1965540,13113804
2026-03-09T19:01:21Z,2858285,18846,1966741,13116130
2026-03-09T20:41:06Z,2858316,18847,1968545,13119818
2026-03-09T21:39:01Z,2858355,18848,1969712,13122198
2026-03-09T22:35:51Z,2858375,18852,1970810,13124571
2026-03-09T23:34:07Z,2858393,18854,1971958,13126970
2026-03-10T02:34:38Z,2858470,18856,1975366,13135177
2026-03-10T04:46:42Z,2858540,18856,1977424,13140899
2026-03-10T05:51:54Z,2858599,18857,1978923,13144595
2026-03-10T06:59:52Z,2858628,18857,1980315,13147204
2026-03-10T07:50:32Z,2858649,18857,1980861,13148688
2026-03-10T08:53:20Z,2858733,18861,1982680,13152676
2026-03-10T09:53:20Z,2858777,18862,1983704,13155275
2026-03-10T10:50:11Z,2858797,18862,1984250,13156640
2026-03-10T11:37:48Z,2858834,18862,1985668,13159099
2026-03-10T13:15:54Z,2858873,18863,1987547,13162811
2026-03-10T14:56:28Z,2858981,18864,1990049,13167865
2026-03-10T16:07:11Z,2859060,18865,1991311,13170624
2026-03-10T17:51:46Z,2859241,18969,1994149,13175795
2026-03-10T18:58:44Z,2859315,19108,1995607,13178390
2026-03-10T19:44:54Z,2859354,19108,1996114,13179497
2026-03-10T20:40:52Z,2859442,19144,1997127,13181974
2026-03-10T21:34:47Z,2859511,19144,1998542,13184297
2026-03-10T22:35:06Z,2859575,19146,1999572,13186594
2026-03-10T23:33:42Z,2859667,19147,2000950,13188667
2026-03-11T02:33:50Z,2859925,19236,2004397,13196020
2026-03-11T04:47:52Z,2860103,19240,2006786,13201013
2026-03-11T05:54:34Z,2860229,19241,2008535,13204337
2026-03-11T07:03:02Z,2860399,19241,2009689,13206668
2026-03-11T08:52:34Z,2860538,19241,2012158,13211461
2026-03-11T09:52:01Z,2860619,19242,2013484,13214014
2026-03-11T10:49:54Z,2860669,19242,2014023,13215317
2026-03-11T11:38:10Z,2860749,19242,2015401,13217861
2026-03-11T13:15:27Z,2860868,19244,2017177,13221425
2026-03-11T14:53:35Z,2861054,19246,2019950,13226161
2026-03-11T15:55:22Z,2861136,19250,2021120,13228455
2026-03-11T17:01:26Z,2861208,19251,2022224,13231051
2026-03-11T19:00:59Z,2861327,19255,2024581,13235835
2026-03-11T20:40:04Z,2861407,19285,2026410,13239386
2026-03-11T21:39:16Z,2861474,19286,2027543,13241772
2026-03-11T22:33:04Z,2861510,19291,2028688,13244053
2026-03-11T23:32:34Z,2861549,19293,2029842,13246203
2026-03-12T02:40:05Z,2861704,19296,2033143,13253646
2026-03-12T04:52:21Z,2861826,19297,2035393,13259070
2026-03-12T05:56:23Z,2862041,19300,2037006,13263069
2026-03-12T07:07:35Z,2862099,19304,2038170,13265670
2026-03-12T08:53:12Z,2862205,19307,2039945,13269556
2026-03-12T09:52:15Z,2862274,19313,2040995,13271863
2026-03-12T10:49:13Z,2862332,19313,2042000,13274157
2026-03-12T11:35:52Z,2862395,19316,2043105,13276420
2026-03-12T13:15:47Z,2862472,19319,2044889,13279846
2026-03-12T14:56:06Z,2862607,19322,2047338,13284694
2026-03-12T16:06:59Z,2862682,19329,2048523,13287066
2026-03-12T17:52:57Z,2862778,19332,2050440,13290623
2026-03-12T19:02:09Z,2862840,19336,2052216,13294161
2026-03-12T20:42:05Z,2862916,19339,2054055,13297689
2026-03-12T21:39:37Z,2862966,19346,2055247,13299904
2026-03-12T22:33:15Z,2863000,19553,2056467,13302225
2026-03-12T23:34:17Z,2863048,19554,2057609,13304570
2026-03-13T02:37:50Z,2863208,19587,2061105,13312281
2026-03-13T04:49:30Z,2863307,19589,2063328,13317615
2026-03-13T05:54:26Z,2863376,19590,2065067,13321579
2026-03-13T07:03:25Z,2863428,19591,2066006,13324206
2026-03-13T08:51:05Z,2863490,19593,2067430,13328038
2026-03-13T09:48:48Z,2863535,19593,2068372,13330468
2026-03-13T10:45:31Z,2863574,19593,2069335,13332823
2026-03-13T11:36:15Z,2863650,19593,2070351,13335643
2026-03-13T13:13:43Z,2863714,19594,2072044,13339388
2026-03-13T14:50:25Z,2863791,19596,2073676,13343304
2026-03-13T15:50:34Z,2863835,19597,2074881,13345910
2026-03-13T16:50:06Z,2863915,19599,2076003,13348640
2026-03-13T17:40:19Z,2863966,19601,2076949,13351054
2026-03-13T18:52:35Z,2864004,19601,2077747,13353756
2026-03-13T19:35:56Z,2864034,19602,2078594,13356299
2026-03-13T20:42:22Z,2864513,19602,2079373,13358829
2026-03-13T21:39:01Z,2864803,19603,2080262,13361257
2026-03-13T22:34:14Z,2864895,19604,2080992,13363659
2026-03-13T23:35:21Z,2864937,19605,2081856,13366153
2026-03-14T02:35:42Z,2865045,19610,2084461,13374701
2026-03-14T04:47:39Z,2865132,19614,2085836,13380361
2026-03-14T05:52:05Z,2865174,19614,2086685,13382922
2026-03-14T06:57:03Z,2865233,19617,2088232,13386755
2026-03-14T07:40:25Z,2865255,19617,2088773,13388101
2026-03-14T08:43:02Z,2865303,19619,2089781,13390769
2026-03-14T09:39:46Z,2865347,19619,2090861,13393616
2026-03-14T10:35:12Z,2865389,19620,2091776,13396633
2026-03-14T11:30:33Z,2865416,19620,2092599,13399396
2026-03-14T13:05:51Z,2865480,19621,2093900,13403655
2026-03-14T14:35:17Z,2865560,19622,2095168,13407988
2026-03-14T15:34:12Z,2865602,19624,2096114,13410708
2026-03-14T16:39:09Z,2865676,19625,2096973,13413501
2026-03-14T17:32:37Z,2865726,19626,2097931,13416209
2026-03-14T18:49:18Z,2865772,19640,2098767,13418808
2026-03-14T19:33:07Z,2865820,19642,2099650,13421677
2026-03-14T20:36:01Z,2865856,19644,2100497,13424703
2026-03-14T21:32:15Z,2865886,19646,2101389,13427579
2026-03-14T22:33:18Z,2865923,19648,2102146,13429977
2026-03-14T23:33:50Z,2865949,19651,2102954,13432445
2026-03-15T02:56:37Z,2866089,19660,2105834,13442543
2026-03-15T05:11:57Z,2866231,19663,2107470,13448577
2026-03-15T07:06:39Z,2866304,19664,2109064,13454138
2026-03-15T08:45:58Z,2866355,19665,2110211,13458216
2026-03-15T09:41:03Z,2866378,19667,2111059,13461080
2026-03-15T10:37:53Z,2866404,19667,2111877,13463898
2026-03-15T11:32:04Z,2866441,19672,2112715,13466489
2026-03-15T13:06:20Z,2866587,19673,2113923,13470718
2026-03-15T14:36:52Z,2866694,19676,2115289,13475159
2026-03-15T15:35:00Z,2866761,19687,2116141,13477930
2026-03-15T16:39:53Z,2866895,19687,2116989,13480753
2026-03-15T17:34:17Z,2866945,19689,2117891,13483674
2026-03-15T18:50:11Z,2866998,19691,2118697,13486524
2026-03-15T19:33:34Z,2867059,19692,2119510,13489266
2026-03-15T20:37:04Z,2867108,19696,2120265,13492083
2026-03-15T21:33:31Z,2867173,19698,2121153,13494891
2026-03-15T22:35:04Z,2867212,19701,2121950,13497624
2026-03-15T23:35:41Z,2867290,19703,2122832,13500215
2026-03-16T02:56:58Z,2867478,19706,2125644,13510098
2026-03-16T05:23:24Z,2867554,19707,2127305,13515560
2026-03-16T07:27:19Z,2867642,19718,2129374,13522161
2026-03-16T09:05:19Z,2867725,19720,2130625,13526128
2026-03-16T11:00:15Z,2867801,19722,2132346,13531290
2026-03-16T13:27:21Z,2867900,19728,2134507,13537955
2026-03-16T15:07:01Z,2867954,19730,2135831,13542175
2026-03-16T17:09:43Z,2868061,19732,2137607,13547585
2026-03-16T19:12:51Z,2868149,19734,2139421,13552901
2026-03-16T20:46:24Z,2868204,19736,2140750,13557217
2026-03-16T21:47:29Z,2868236,19736,2141584,13559848
2026-03-16T22:40:41Z,2868269,19739,2142456,13562458
2026-03-16T23:36:38Z,2868315,19741,2143299,13565080
2026-03-17T02:39:57Z,2868568,19745,2145915,13571442
2026-03-17T04:57:32Z,2868676,19748,2147629,13576703
2026-03-17T06:06:08Z,2868733,19748,2148821,13580068
2026-03-17T07:57:09Z,2868810,19749,2150288,13583813
2026-03-17T09:02:25Z,2868860,19750,2151531,13586873
2026-03-17T10:56:54Z,2868955,19751,2152795,13590015
2026-03-17T11:49:11Z,2868989,19751,2153182,13590002
2026-03-17T13:25:28Z,2869059,19756,2154416,13592897
2026-03-17T15:03:24Z,2869128,19817,2155590,13596634
2026-03-17T17:10:13Z,2869212,19823,2157834,13603363
2026-03-17T19:11:43Z,2869280,19826,2159648,13608017
2026-03-17T20:48:37Z,2869334,19829,2161064,13612143
2026-03-17T21:45:13Z,2869362,19829,2161892,13614647
2026-03-17T22:39:49Z,2869392,19829,2162749,13617248
2026-03-17T23:38:22Z,2869421,19831,2163573,13619970
2026-03-18T02:46:18Z,2869521,19832,2166232,13628482
2026-03-18T05:02:01Z,2869581,19833,2167939,13634490
2026-03-18T07:10:34Z,2869681,19834,2170000,13641257
2026-03-18T08:58:43Z,2869740,19837,2171389,13645579
2026-03-18T10:05:35Z,2869807,19840,2172640,13649846
2026-03-18T11:50:29Z,2869873,19842,2174057,13654269
2026-03-18T13:27:09Z,2869928,19845,2175334,13658291
2026-03-18T15:11:19Z,2870024,19850,2177053,13663909
2026-03-18T17:09:50Z,2870089,19863,2178829,13669744
2026-03-18T19:11:02Z,2870151,19870,2180578,13675445
2026-03-18T20:45:53Z,2870210,19871,2181945,13679461
2026-03-18T21:40:57Z,2870231,19873,2182878,13682064
2026-03-18T22:37:43Z,2870268,19876,2183743,13684721
2026-03-18T23:35:38Z,2870276,19876,2184156,13686005
2026-03-19T02:47:57Z,2870377,19880,2186998,13696629
2026-03-19T04:59:11Z,2870449,19880,2188678,13702687
2026-03-19T06:06:10Z,2870496,19881,2189983,13706805
2026-03-19T07:51:06Z,2870559,19883,2191339,13710775
2026-03-19T08:52:42Z,2870589,19883,2192234,13713524
2026-03-19T09:53:48Z,2870617,19887,2193115,13716124
2026-03-19T10:50:33Z,2870648,19887,2193989,13717779
2026-03-19T11:40:20Z,2870677,19887,2194851,13720413
2026-03-19T13:20:11Z,2870724,19888,2196249,13724227
2026-03-19T14:55:08Z,2870779,19891,2197640,13728413
2026-03-19T16:00:20Z,2870829,19891,2198550,13731060
2026-03-19T17:54:20Z,2870945,19895,2200418,13736095
2026-03-19T19:06:53Z,2870992,19899,2201657,13739791
2026-03-19T20:47:57Z,2871055,19904,2202944,13743939
2026-03-19T21:41:39Z,2871083,19905,2203780,13746701
2026-03-19T22:35:17Z,2871099,19905,2204132,13747904
2026-03-19T23:35:45Z,2871126,19906,2204984,13750380
2026-03-20T02:38:35Z,2871218,19910,2207917,13759772
2026-03-20T04:51:59Z,2871279,19914,2209553,13765596
2026-03-20T05:56:58Z,2871305,19915,2210315,13768360
2026-03-20T07:07:33Z,2871359,19916,2211500,13772248
2026-03-20T08:51:31Z,2871419,19917,2212785,13776370
2026-03-20T09:51:24Z,2871445,19919,2213604,13779031
2026-03-20T10:46:40Z,2871474,19919,2214386,13781568
2026-03-20T11:36:45Z,2871490,19920,2215190,13784322
2026-03-20T13:13:21Z,2871541,19921,2216334,13788372
2026-03-20T14:50:34Z,2871581,19923,2217628,13792908
2026-03-20T15:50:39Z,2871617,19926,2218430,13795970
2026-03-20T16:53:23Z,2871655,19927,2219323,13798893
2026-03-20T17:39:53Z,2871690,19931,2220245,13801854
2026-03-20T18:58:37Z,2871718,19933,2221026,13804635
2026-03-20T19:41:58Z,2871739,19933,2221866,13807388
2026-03-20T20:40:19Z,2871779,19935,2222638,13810032
2026-03-20T21:36:31Z,2871793,19935,2223010,13811303
2026-03-20T22:35:32Z,2871810,19935,2223806,13814258
2026-03-20T23:35:19Z,2871831,19936,2224526,13816931
2026-03-21T02:32:16Z,2871897,19940,2227047,13825853
2026-03-21T04:42:01Z,2871971,19944,2229211,13833512
2026-03-21T05:46:54Z,2872004,19944,2230074,13836203
2026-03-21T06:54:27Z,2872033,19944,2230872,13838905
2026-03-21T07:37:01Z,2872048,19945,2231215,13840080
2026-03-21T08:41:02Z,2872088,19946,2232563,13844432
2026-03-21T09:38:21Z,2872112,19948,2233451,13847127
2026-03-21T10:34:26Z,2872122,19949,2233853,13848420
2026-03-21T11:28:38Z,2872152,19951,2234655,13851214
2026-03-21T13:02:43Z,2872193,19952,2235970,13855502
2026-03-21T14:33:18Z,2872235,19954,2237223,13860106
2026-03-21T15:32:20Z,2872277,19955,2238095,13863339
2026-03-21T16:37:29Z,2872313,20181,2239031,13866495
2026-03-21T17:31:09Z,2872349,20233,2239912,13869755
2026-03-21T18:45:28Z,2872403,20235,2241279,13874299
2026-03-21T19:30:28Z,2872427,20236,2241650,13875679
2026-03-21T20:34:29Z,2872458,20236,2242526,13878333
2026-03-21T21:31:22Z,2872493,20236,2243435,13881155
2026-03-21T22:32:06Z,2872521,20239,2244354,13883984
2026-03-21T23:31:51Z,2872535,20242,2245184,13886675
2026-03-22T02:48:32Z,2872628,20253,2248356,13897181
2026-03-22T04:57:41Z,2872689,20256,2250298,13903678
2026-03-22T06:00:07Z,2872720,20256,2251122,13906313
2026-03-22T07:40:40Z,2872773,20258,2252831,13911884
2026-03-22T08:42:08Z,2872811,20258,2253763,13914607
2026-03-22T09:39:29Z,2872827,20258,2254221,13916131
2026-03-22T10:34:44Z,2872853,20259,2255132,13918728
2026-03-22T11:29:28Z,2872887,20260,2255985,13921548
2026-03-22T13:04:52Z,2872928,20261,2257336,13925144
2026-03-22T14:34:36Z,2872978,20261,2258743,13929377
2026-03-22T15:32:27Z,2873028,20265,2259656,13932279
2026-03-22T16:38:26Z,2873058,20269,2260615,13935378
2026-03-22T17:31:27Z,2873100,20269,2261531,13938292
2026-03-22T18:47:03Z,2873158,20270,2262823,13942379
2026-03-22T19:31:55Z,2873175,20271,2263288,13944044
2026-03-22T20:35:48Z,2873215,20273,2264213,13947062
2026-03-22T21:32:26Z,2873244,20274,2264997,13949962
2026-03-22T22:32:43Z,2873258,20274,2265883,13952783
2026-03-22T23:34:46Z,2873293,20274,2266744,13955412
2026-03-23T02:48:41Z,2873405,20276,2269930,13965737
2026-03-23T05:08:43Z,2873456,20278,2271618,13971523
2026-03-23T07:20:07Z,2873539,20278,2273756,13978545
2026-03-23T09:05:12Z,2873593,20279,2275108,13983110
2026-03-23T10:58:16Z,2873648,20280,2276889,13989546
2026-03-23T11:50:43Z,2873664,20281,2277697,13992263
2026-03-23T13:22:03Z,2873702,20282,2279094,13996690
2026-03-23T15:02:27Z,2873733,20283,2280393,14000841
2026-03-23T17:00:11Z,2873794,20285,2282133,14006535
2026-03-23T19:02:54Z,2873856,20289,2283936,14011621
2026-03-23T20:42:39Z,2873892,20290,2285141,14016033
2026-03-23T21:43:15Z,2873919,20290,2286361,14020116
2026-03-23T22:39:11Z,2873932,20290,2286797,14021566
2026-03-23T23:38:48Z,2873952,20290,2287635,14024229
2026-03-24T02:40:21Z,2874026,20291,2290259,14033433
2026-03-24T04:59:12Z,2874074,20295,2292342,14040952
2026-03-24T06:08:30Z,2874096,20296,2293069,14043499
2026-03-24T07:57:18Z,2874153,20297,2294724,14048789
2026-03-24T09:02:41Z,2874183,20297,2295566,14051475
2026-03-24T10:57:03Z,2874237,20297,2297257,14056874
2026-03-24T11:50:57Z,2874267,20297,2298113,14059737
2026-03-24T13:25:52Z,2874317,20300,2299478,14064188
2026-03-24T15:05:11Z,2874405,20303,2300728,14068410
2026-03-24T17:06:57Z,2874482,20305,2302374,14073836
2026-03-24T19:13:09Z,2874528,20308,2303924,14079430
2026-03-24T20:50:09Z,2874569,20309,2305422,14084883
2026-03-24T21:43:54Z,2874584,20309,2305846,14086512
2026-03-24T22:38:44Z,2874612,20310,2306617,14089555
2026-03-24T23:37:53Z,2874634,20310,2307441,14092341
2026-03-25T02:45:36Z,2874708,20313,2309792,14100650
2026-03-25T04:59:56Z,2874784,20318,2311703,14107410
2026-03-25T06:10:36Z,2874801,20318,2312475,14110144
2026-03-25T07:56:54Z,2874845,20320,2314138,14115348
2026-03-25T09:02:06Z,2874871,20321,2314958,14118039
2026-03-25T10:54:59Z,2874923,20323,2316554,14123277
2026-03-25T11:46:44Z,2874941,20323,2316995,14124693
2026-03-25T13:24:58Z,2874982,20326,2318560,14130131
2026-03-25T15:06:49Z,2875033,20328,2319692,14133843
2026-03-25T17:11:13Z,2875104,20334,2321360,14139535
2026-03-25T19:04:04Z,2875131,20335,2322750,14144029
2026-03-25T20:48:33Z,2875165,20335,2323706,14146709
2026-03-25T21:47:46Z,2875182,20335,2324386,14148762
2026-03-25T22:43:59Z,2875199,20336,2325067,14151077
2026-03-25T23:41:04Z,2875228,20336,2325783,14153467
2026-03-26T02:52:14Z,2875289,20337,2328193,14161934
2026-03-26T05:11:24Z,2875351,20343,2330199,14169507
2026-03-26T07:18:40Z,2875402,20343,2331719,14174872
2026-03-26T09:05:00Z,2875455,20344,2333246,14180089
2026-03-26T10:59:17Z,2875502,20344,2334564,14184341
2026-03-26T11:56:18Z,2875509,20344,2334769,14184974
2026-03-26T13:48:54Z,2875549,20345,2335977,14189342
2026-03-26T15:12:41Z,2875566,20345,2336652,14191512
2026-03-26T17:10:39Z,2875605,20347,2337680,14195059
2026-03-26T19:16:51Z,2875633,20347,2338501,14197781
2026-03-26T20:41:08Z,2875657,20347,2339529,14201257
2026-03-26T21:37:09Z,2875663,20347,2339841,14202230
2026-03-26T22:37:07Z,2875682,20427,2340533,14204298
2026-03-26T23:38:44Z,2875705,20433,2341210,14206813
2026-03-27T02:54:39Z,2875768,20434,2343288,14213775
2026-03-27T05:12:53Z,2875845,20455,2345072,14219835
2026-03-27T07:17:27Z,2875882,20470,2346177,14223259
2026-03-27T09:00:58Z,2875903,20471,2347073,14225975
2026-03-27T10:54:35Z,2875925,20471,2347557,14227279
2026-03-27T11:46:11Z,2875946,20471,2347942,14228299
2026-03-27T13:20:05Z,2875949,20471,2348036,14228544
2026-03-27T14:57:21Z,2875967,20471,2348698,14230408
2026-03-27T16:00:20Z,2875983,20471,2349106,14231817
2026-03-27T17:52:28Z,2876003,20471,2349665,14233343
2026-03-27T19:03:21Z,2876014,20471,2349775,14233683
2026-03-27T20:47:41Z,2876037,20471,2350388,14235334
2026-03-27T21:41:58Z,2876055,20472,2350844,14236548
2026-03-27T22:39:24Z,2876071,20472,2351163,14237666
2026-03-27T23:39:04Z,2876085,20472,2351476,14238567
2026-03-28T02:44:11Z,2876131,20475,2353225,14244435
2026-03-28T04:58:39Z,2876178,20475,2354734,14249876
2026-03-28T06:04:43Z,2876195,20475,2355368,14252233
2026-03-28T07:48:10Z,2876200,20475,2355368,14252233
2026-03-28T08:50:00Z,2876212,20475,2355804,14253502
2026-03-28T09:44:25Z,2876227,20475,2356014,14254249
2026-03-28T10:38:31Z,2876232,20475,2356167,14254758
2026-03-28T11:33:59Z,2876249,20475,2356641,14256551
2026-03-28T13:08:02Z,2876344,20475,2357335,14258812
2026-03-28T14:37:36Z,2876389,20475,2358110,14261550
2026-03-28T15:37:21Z,2876423,20475,2358457,14262334
2026-03-28T16:41:11Z,2876442,20476,2358725,14263071
2026-03-28T17:35:34Z,2876446,20476,2358792,14263259
2026-03-28T18:51:37Z,2876491,20476,2359155,14264269
2026-03-28T19:35:00Z,2876499,20476,2359230,14264624
2026-03-28T20:38:40Z,2876520,20477,2359843,14266597
2026-03-28T21:36:03Z,2876543,20477,2360267,14268048
2026-03-28T22:35:45Z,2876553,20477,2360424,14268552
2026-03-28T23:37:26Z,2876567,20477,2360947,14270110
2026-03-29T03:17:18Z,2876653,20479,2362993,14277132
2026-03-29T05:45:16Z,2876690,20479,2364149,14281142
2026-03-29T07:12:59Z,2876720,20480,2365127,14284377
2026-03-29T08:50:24Z,2876736,20481,2365662,14286626
2026-03-29T09:44:49Z,2876736,20481,2365666,14286631
2026-03-29T10:41:19Z,2876746,20481,2365756,14286930
2026-03-29T11:35:02Z,2876754,20481,2365966,14287529
2026-03-29T13:09:11Z,2876755,20481,2365966,14287529
2026-03-29T14:39:09Z,2876779,20481,2366604,14289976
2026-03-29T15:38:28Z,2876802,20482,2367174,14291995
2026-03-29T16:41:54Z,2876820,20482,2367522,14293536
2026-03-29T17:37:49Z,2876821,20482,2367522,14293536
2026-03-29T18:53:21Z,2876821,20482,2367522,14293536
2026-03-29T19:36:46Z,2876823,20482,2367525,14293539
2026-03-29T20:40:02Z,2876824,20482,2367525,14293539
2026-03-29T21:38:42Z,2876825,20482,2367525,14293539
2026-03-29T22:37:48Z,2876826,20482,2367602,14293818
2026-03-29T23:39:32Z,2876837,20482,2367689,14294146
2026-03-30T03:20:09Z,2876923,20483,2370331,14304545
2026-03-30T06:01:31Z,2876992,20484,2372049,14311877
2026-03-30T08:23:36Z,2877051,20486,2373594,14318418
2026-03-30T10:21:53Z,2877100,20487,2375181,14324638
2026-03-30T11:56:34Z,2877135,20488,2376196,14328628
2026-03-30T13:54:32Z,2877177,20490,2377634,14334305
2026-03-30T15:11:01Z,2877203,20492,2378199,14336408
2026-03-30T17:03:25Z,2877273,20495,2379723,14341704
2026-03-30T19:08:42Z,2877336,20497,2381234,14346876
2026-03-30T20:53:42Z,2877386,20504,2382738,14351730
2026-03-30T21:50:05Z,2877414,20504,2383427,14354180
2026-03-30T22:44:14Z,2877433,20504,2384017,14356490
2026-03-30T23:41:41Z,2877464,20504,2384765,14358881
2026-03-31T02:53:44Z,2877544,20506,2386996,14367257
2026-03-31T05:15:25Z,2877603,20510,2388898,14374027
2026-03-31T07:25:35Z,2877636,20512,2390310,14379266
2026-03-31T09:08:56Z,2877660,20513,2391419,14382810
2026-03-31T11:00:34Z,2877716,20514,2392627,14388012
2026-03-31T13:47:23Z,2877776,20516,2394586,14395599
2026-03-31T15:08:43Z,2877795,20516,2395276,14398164
2026-03-31T17:05:53Z,2877855,20516,2396745,14403452
2026-03-31T19:10:49Z,2877889,20516,2398115,14408438
2026-03-31T20:50:41Z,2877921,20519,2399400,14413198
2026-03-31T21:47:25Z,2877945,20522,2400048,14415388
2026-03-31T22:40:24Z,2877957,20522,2400368,14416751
2026-03-31T23:40:02Z,2877986,20523,2400963,14418972
2026-04-01T03:24:24Z,2878063,20525,2403843,14429542
2026-04-01T05:58:48Z,2878107,20526,2405516,14436340
2026-04-01T07:48:05Z,2878139,20527,2406929,14441577
2026-04-01T09:15:02Z,2878167,20527,2407598,14443748
2026-04-01T11:04:11Z,2878214,20527,2408998,14449116
2026-04-01T13:49:55Z,2878286,20530,2410972,14457283
2026-04-01T15:12:26Z,2878339,20530,2412019,14461583
2026-04-01T17:03:15Z,2878395,20534,2413436,14467386
2026-04-01T19:12:09Z,2878442,20534,2414919,14472415
2026-04-01T20:53:30Z,2878471,20535,2415997,14476327
2026-04-01T21:50:22Z,2878495,20535,2416627,14478821
2026-04-01T22:46:39Z,2878517,20536,2417278,14481301
2026-04-01T23:41:33Z,2878533,20536,2417885,14483766
2026-04-02T02:49:57Z,2878599,20538,2419940,14491634
2026-04-02T05:08:25Z,2878640,20542,2421574,14498158
2026-04-02T07:22:13Z,2878680,20542,2422831,14503402
2026-04-02T09:07:02Z,2878723,20543,2424103,14508154
2026-04-02T10:57:57Z,2878744,20544,2425136,14511997
2026-04-02T11:53:04Z,2878771,20544,2425709,14514376
2026-04-02T13:40:51Z,2878835,20546,2427044,14519523
2026-04-02T15:03:12Z,2878950,20547,2428029,14523497
2026-04-02T17:02:19Z,2878984,20550,2429147,14527656
2026-04-02T19:04:30Z,2879040,20550,2430779,14534643
2026-04-02T20:41:34Z,2879067,20550,2431785,14538404
2026-04-02T21:44:59Z,2879089,20550,2432454,14541024
2026-04-02T22:38:43Z,2879107,20550,2433137,14543594
2026-04-02T23:40:56Z,2879122,20550,2433795,14546076
2026-04-03T02:52:33Z,2879175,20551,2435831,14553732
2026-04-03T05:10:37Z,2879231,20552,2437474,14560065
2026-04-03T07:19:34Z,2879261,20554,2438842,14565250
2026-04-03T09:02:43Z,2879306,20554,2439849,14569094
2026-04-03T10:51:00Z,2879346,20554,2441207,14574580
2026-04-03T11:41:12Z,2879377,20554,2441888,14577099
2026-04-03T13:17:03Z,2879402,20556,2442966,14581192
2026-04-03T14:51:20Z,2879432,20556,2444014,14585782
2026-04-03T15:44:05Z,2879465,20557,2444726,14588789
2026-04-03T16:50:39Z,2879494,20559,2445383,14591785
2026-04-03T17:39:55Z,2879511,20559,2446094,14594588
2026-04-03T18:56:46Z,2879526,20559,2446689,14597082
2026-04-03T19:44:27Z,2879546,20559,2447361,14599754
2026-04-03T20:43:59Z,2879557,20560,2448009,14602505
2026-04-03T21:40:03Z,2879576,20560,2448685,14605252
2026-04-03T22:40:11Z,2879597,20560,2449293,14607886
2026-04-03T23:40:10Z,2879617,20560,2449974,14610485
2026-04-04T02:42:56Z,2879683,20562,2451972,14619128
2026-04-04T04:56:22Z,2879723,20564,2453299,14625327
2026-04-04T06:03:03Z,2879737,20565,2453969,14628384
2026-04-04T07:51:07Z,2879786,20565,2455277,14633981
2026-04-04T08:51:04Z,2879801,20566,2455933,14636866
2026-04-04T09:45:54Z,2879810,20566,2456597,14639706
2026-04-04T10:40:23Z,2879839,20566,2457213,14642445
2026-04-04T11:34:34Z,2879842,20566,2457566,14643796
2026-04-04T13:09:03Z,2879880,20566,2458893,14649803
2026-04-04T14:38:53Z,2879914,20566,2459904,14654465
2026-04-04T15:38:34Z,2879927,20566,2460612,14657669
2026-04-04T16:43:27Z,2879954,20567,2461194,14660873
2026-04-04T17:37:24Z,2879969,20571,2461885,14663758
2026-04-04T18:52:47Z,2879982,20571,2462496,14666758
2026-04-04T19:35:49Z,2880010,20571,2463158,14669810
2026-04-04T20:39:45Z,2880026,20572,2463786,14673165
2026-04-04T21:37:58Z,2880046,20572,2464455,14676165
2026-04-04T22:36:23Z,2880066,20574,2465078,14679076
2026-04-04T23:37:54Z,2880079,20575,2465742,14681678
2026-04-05T03:19:38Z,2880141,20575,2467972,14691323
2026-04-05T05:47:08Z,2880205,20576,2469431,14697512
2026-04-05T07:16:13Z,2880231,20576,2470337,14701611
2026-04-05T08:53:14Z,2880259,20576,2471230,14705553
2026-04-05T09:47:09Z,2880283,20576,2471862,14708349
2026-04-05T10:41:41Z,2880302,20579,2472505,14711011
2026-04-05T11:35:54Z,2880313,20579,2472782,14712234
2026-04-05T13:11:04Z,2880351,20579,2474063,14717940
2026-04-05T14:40:00Z,2880384,20579,2475128,14722275
2026-04-05T15:39:27Z,2880400,20584,2475844,14725388
2026-04-05T16:43:29Z,2880419,20585,2476518,14728435
2026-04-05T17:37:33Z,2880432,20585,2476794,14729663
2026-04-05T18:54:23Z,2880456,20586,2477747,14733395
2026-04-05T19:38:04Z,2880460,20586,2478011,14734592
2026-04-05T20:40:35Z,2880478,20586,2478929,14738377
2026-04-05T21:38:23Z,2880492,20586,2479481,14740788
2026-04-05T22:38:20Z,2880512,20587,2480088,14743130
2026-04-05T23:40:07Z,2880528,20587,2480659,14745656
2026-04-06T03:22:10Z,2880585,20587,2482973,14755681
2026-04-06T06:01:59Z,2880648,20587,2484542,14762363
2026-04-06T08:24:11Z,2880678,20589,2486031,14768406
2026-04-06T10:14:56Z,2880700,20590,2487220,14773190
2026-04-06T11:51:44Z,2880731,20590,2488129,14777072
2026-04-06T13:23:41Z,2880749,20590,2489077,14780934
2026-04-06T14:55:18Z,2880781,20590,2490104,14785098
2026-04-06T15:55:21Z,2880796,20590,2490669,14787698
2026-04-06T16:58:01Z,2880810,20592,2491318,14790436
2026-04-06T17:55:51Z,2880830,20592,2491946,14793116
2026-04-06T19:12:52Z,2880864,20593,2492836,14796845
2026-04-06T20:44:40Z,2880911,20594,2493814,14800764
2026-04-06T21:42:59Z,2880931,20595,2494381,14803330
2026-04-06T22:43:08Z,2880968,20595,2495025,14805712
2026-04-06T23:41:50Z,2880978,20598,2495590,14808200
2026-04-07T02:55:12Z,2881021,20600,2497510,14815937
2026-04-07T05:16:28Z,2881057,20604,2499106,14822122
2026-04-07T07:40:55Z,2881093,20605,2500645,14827846
2026-04-07T09:11:41Z,2881115,20605,2501709,14832042
2026-04-07T11:03:46Z,2881130,20605,2502643,14835828
2026-04-07T13:44:08Z,2881176,20606,2504516,14843227
2026-04-07T15:15:57Z,2881208,20607,2505447,14846859
2026-04-07T17:08:33Z,2881230,20608,2506450,14850604
2026-04-07T19:13:48Z,2881268,20609,2508023,14856398
2026-04-07T20:55:29Z,2881286,20609,2508950,14859926
2026-04-07T21:50:11Z,2881301,20609,2509524,14862211
2026-04-07T22:46:03Z,2881313,20609,2510148,14864525
2026-04-07T23:43:40Z,2881318,20609,2510437,14865671
2026-04-08T02:56:35Z,2881373,20615,2512512,14873696
2026-04-08T05:19:26Z,2881416,20616,2513985,14879780
2026-04-08T07:44:50Z,2881447,20616,2515227,14884707
2026-04-08T09:11:04Z,2881452,20617,2516035,14888165
2026-04-08T11:04:31Z,2881479,20617,2517219,14892987
2026-04-08T13:47:00Z,2881533,20617,2518853,14899932
2026-04-08T15:17:32Z,2881556,20617,2519700,14903787
2026-04-08T17:12:12Z,2881580,20617,2520551,14907398
2026-04-08T19:26:13Z,2881612,20620,2521912,14912501
2026-04-08T20:53:10Z,2881643,20620,2522753,14916312
2026-04-08T21:50:21Z,2881654,20621,2523336,14918686
2026-04-08T22:50:01Z,2881673,20622,2523868,14920998
2026-04-08T23:44:30Z,2881677,20623,2524180,14922195
2026-04-09T02:51:07Z,2881720,20624,2526103,14931023
2026-04-09T05:17:19Z,2881767,20624,2527408,14936708
2026-04-09T07:47:02Z,2881819,20624,2528755,14942237
2026-04-09T09:17:16Z,2881847,20625,2529575,14945502
2026-04-09T11:04:54Z,2881875,20625,2530313,14949042
2026-04-09T13:57:18Z,2881910,20626,2531982,14955950
2026-04-09T15:45:07Z,2881932,20629,2532874,14959586
2026-04-09T17:14:39Z,2881957,20629,2533697,14963128
2026-04-09T19:17:15Z,2882002,20631,2535111,14969380
2026-04-09T20:58:11Z,2882018,20631,2535909,14973025
2026-04-09T21:53:26Z,2882024,20631,2536454,14975457
2026-04-09T22:50:17Z,2882037,20632,2536922,14977641
2026-04-09T23:42:02Z,2882045,20632,2537238,14978827
2026-04-10T03:22:59Z,2882101,20634,2539436,14988687
2026-04-10T06:02:02Z,2882158,20634,2540729,14994634
2026-04-10T08:23:00Z,2882220,20635,2541994,15000684
2026-04-10T10:11:32Z,2882256,20636,2542805,15004122
2026-04-10T11:52:44Z,2882305,20637,2543835,15008675
2026-04-10T13:24:23Z,2882344,20638,2544565,15011767
2026-04-10T14:54:59Z,2882374,20639,2545369,15015443
2026-04-10T15:59:41Z,2882394,20640,2545908,15017980
2026-04-10T17:02:19Z,2882411,20641,2546479,15020367
2026-04-10T19:03:08Z,2882451,20642,2547557,15024768
2026-04-10T20:47:27Z,2882460,20642,2548334,15027975
2026-04-10T21:45:47Z,2882471,20642,2548808,15029930
2026-04-10T22:44:40Z,2882482,20642,2549335,15032043
2026-04-10T23:41:40Z,2882492,20642,2549895,15033958
2026-04-11T02:47:44Z,2882519,20645,2551566,15040987
2026-04-11T05:00:03Z,2882553,20650,2552911,15046559
2026-04-11T06:09:38Z,2882567,20650,2553413,15048749
2026-04-11T07:53:58Z,2882598,20663,2554481,15053148
2026-04-11T08:53:27Z,2882618,20663,2554994,15055217
2026-04-11T09:50:12Z,2882634,20663,2555509,15057499
2026-04-11T10:42:09Z,2882636,20663,2555786,15058739
2026-04-11T11:36:45Z,2882654,20663,2556323,15060929
2026-04-11T13:12:04Z,2882674,20663,2557123,15064298
2026-04-11T14:41:02Z,2882700,20663,2557967,15067887
2026-04-11T15:39:21Z,2882725,20663,2558533,15070197
2026-04-11T16:45:26Z,2882740,20663,2559131,15072450
2026-04-11T17:37:31Z,2882756,20665,2559664,15074489
2026-04-11T18:55:11Z,2882780,20665,2560427,15077590
2026-04-11T19:39:07Z,2882787,20665,2560689,15078812
2026-04-11T20:41:08Z,2882797,20665,2561233,15080916
2026-04-11T21:39:12Z,2882814,20665,2561749,15082900
2026-04-11T22:38:51Z,2882828,20665,2562352,15085180
2026-04-11T23:41:21Z,2882837,20665,2562841,15087091
2026-04-12T03:26:50Z,2882913,20665,2564796,15095880
2026-04-12T05:57:37Z,2882957,20666,2566113,15101237
2026-04-12T07:38:08Z,2882974,20668,2566926,15104669
2026-04-12T08:57:22Z,2882994,20669,2567726,15107791
2026-04-12T09:54:21Z,2883005,20670,2568283,15110053
2026-04-12T10:46:29Z,2883010,20670,2568550,15111341
2026-04-12T11:38:20Z,2883022,20670,2569081,15113473
2026-04-12T13:14:19Z,2883044,20671,2569935,15116789
2026-04-12T14:46:47Z,2883083,20672,2570703,15120198
2026-04-12T15:41:29Z,2883108,20672,2571266,15122451
2026-04-12T16:49:04Z,2883131,20672,2571884,15124829
2026-04-12T17:40:24Z,2883145,20672,2572432,15126945
2026-04-12T18:59:14Z,2883191,20672,2573232,15130236
2026-04-12T19:47:29Z,2883202,20672,2573514,15131433
2026-04-12T20:43:53Z,2883221,20672,2574017,15133701
2026-04-12T21:41:22Z,2883233,20672,2574564,15135886
2026-04-12T22:41:20Z,2883253,20672,2575121,15138073
2026-04-12T23:42:05Z,2883262,20672,2575670,15140109
2026-04-13T03:33:18Z,2883332,20673,2578016,15149545
2026-04-13T06:20:58Z,2883368,20673,2579398,15155014
2026-04-13T09:04:17Z,2883417,20674,2581050,15161207
2026-04-13T11:21:17Z,2883443,20674,2582111,15165320
2026-04-13T13:55:04Z,2883494,20675,2583750,15171769
2026-04-13T15:21:06Z,2883510,20675,2584278,15174084
2026-04-13T17:11:46Z,2883536,20675,2585300,15177899
2026-04-13T19:21:29Z,2883556,20676,2586433,15182670
2026-04-13T21:01:58Z,2883576,20677,2587566,15187089
2026-04-13T22:51:08Z,2883591,20677,2588406,15190437
2026-04-13T23:51:04Z,2883601,20677,2588961,15192613
2026-04-14T03:23:03Z,2883637,20677,2590970,15200950
2026-04-14T06:04:06Z,2883686,20679,2592627,15207635
2026-04-14T08:46:12Z,2883720,20680,2594045,15213438
2026-04-14T10:20:06Z,2883737,20682,2594792,15216631
2026-04-14T12:01:04Z,2883761,20683,2595854,15221373
2026-04-14T14:52:37Z,2883790,20684,2597276,15227319
2026-04-14T16:13:15Z,2883813,20684,2598093,15231186
2026-04-14T18:09:14Z,2883845,20684,2599264,15236097
2026-04-14T20:08:43Z,2883863,20686,2600425,15240894
2026-04-14T21:56:09Z,2883892,20687,2601530,15245802
2026-04-14T22:53:47Z,2883897,20687,2601747,15247036
2026-04-14T23:50:13Z,2883905,20687,2602257,15249298
2026-04-15T03:21:02Z,2883945,20687,2604125,15257543
2026-04-15T06:03:34Z,2883970,20691,2605688,15264452
2026-04-15T08:47:34Z,2884005,20692,2606983,15270090
2026-04-15T10:20:49Z,2884030,20692,2607671,15273380
2026-04-15T11:58:39Z,2884056,20692,2608744,15278026
2026-04-15T13:59:19Z,2884085,20692,2609791,15282862
2026-04-15T15:16:42Z,2884097,20692,2610317,15285061
2026-04-15T17:12:59Z,2884119,20693,2611430,15289789
2026-04-15T19:27:34Z,2884160,20694,2612751,15295590
2026-04-15T20:58:28Z,2884168,20696,2613488,15298928
2026-04-15T21:59:25Z,2884177,20697,2614019,15301422
2026-04-15T22:55:15Z,2884185,20697,2614300,15302733
2026-04-15T23:51:13Z,2884194,20697,2614809,15304878
2026-04-16T03:29:22Z,2884268,20700,2616934,15314003
2026-04-16T06:06:26Z,2884334,20701,2618182,15320379
2026-04-16T08:47:55Z,2884371,20701,2619488,15326024
2026-04-16T10:20:11Z,2884390,20701,2620104,15329270
2026-04-16T12:01:54Z,2884416,20701,2621114,15334166
2026-04-16T15:00:40Z,2884464,20701,2622674,15341062
2026-04-16T17:21:19Z,2884509,20703,2623728,15345732
2026-04-16T19:23:44Z,2884531,20705,2624819,15350524
2026-04-16T20:55:20Z,2884553,20705,2625671,15354125
2026-04-16T21:51:51Z,2884559,20705,2626227,15356623
2026-04-16T22:50:26Z,2884567,20705,2626789,15359096
2026-04-16T23:49:49Z,2884582,20705,2627303,15361358
2026-04-17T03:24:30Z,2884631,20706,2629132,15370072
2026-04-17T06:07:21Z,2884664,20716,2630658,15376931
2026-04-17T08:47:28Z,2884700,20749,2631937,15382871
2026-04-17T10:17:31Z,2884724,20752,2632683,15386223
2026-04-17T11:55:30Z,2884739,20752,2633455,15389878
2026-04-17T13:47:19Z,2884777,20752,2634574,15394877
2026-04-17T15:00:47Z,2884783,20753,2635120,15397276
2026-04-17T16:59:04Z,2884821,20753,2636233,15402210
2026-04-17T17:57:34Z,2884838,20754,2636777,15404754
2026-04-17T19:14:38Z,2884862,20754,2637556,15408417
2026-04-17T20:54:03Z,2884880,20754,2638379,15412032
2026-04-17T21:51:11Z,2884891,20755,2638909,15414476
2026-04-17T22:50:01Z,2884896,20757,2639452,15416859
2026-04-17T23:47:35Z,2884905,20757,2639972,15419110
2026-04-18T02:55:30Z,2884932,20761,2641557,15426391
2026-04-18T05:13:01Z,2884972,20764,2642848,15432241
2026-04-18T07:18:04Z,2884985,20764,2643862,15437096
2026-04-18T08:58:13Z,2885006,20764,2644673,15440756
2026-04-18T09:55:37Z,2885019,20764,2645190,15443131
2026-04-18T10:50:29Z,2885035,20764,2645707,15445370
2026-04-18T11:39:21Z,2885050,20764,2646246,15447749
2026-04-18T13:14:53Z,2885058,20765,2647034,15451115
2026-04-18T14:47:41Z,2885079,20765,2647915,15454926
2026-04-18T15:42:18Z,2885093,20765,2648410,15457291
2026-04-18T16:50:42Z,2885108,20767,2648958,15459795
2026-04-18T17:41:21Z,2885123,20768,2649500,15462345
2026-04-18T19:00:01Z,2885135,20768,2650058,15464768
2026-04-18T19:48:43Z,2885144,20768,2650608,15467073
2026-04-18T20:43:54Z,2885164,20772,2651141,15469293
2026-04-18T21:41:51Z,2885185,20772,2651661,15471675
2026-04-18T22:41:20Z,2885201,20772,2652199,15474037
2026-04-18T23:41:17Z,2885220,20772,2652718,15476310
2026-04-19T03:31:36Z,2885261,20772,2654495,15484859
2026-04-19T06:02:13Z,2885297,20773,2655734,15490880
2026-04-19T08:09:04Z,2885342,20773,2656986,15496527
2026-04-19T09:53:14Z,2885362,20773,2657802,15500351
2026-04-19T10:48:42Z,2885376,20773,2658283,15502784
2026-04-19T11:39:51Z,2885392,20773,2658817,15505658
2026-04-19T13:15:12Z,2885403,20773,2659625,15509449
2026-04-19T14:48:07Z,2885428,20773,2660461,15513996
2026-04-19T15:42:26Z,2885444,20773,2661000,15516353
2026-04-19T16:50:43Z,2885462,20773,2661534,15518658
2026-04-19T17:40:37Z,2885477,20782,2662070,15521755
2026-04-19T19:00:14Z,2885494,20782,2662631,15524524
2026-04-19T20:46:05Z,2885519,20782,2663652,15529762
2026-04-19T21:41:44Z,2885543,20783,2664184,15533210
2026-04-19T22:42:24Z,2885560,20783,2664744,15535630
2026-04-19T23:44:23Z,2885570,20783,2665256,15538398
2026-04-20T03:33:27Z,2885613,20786,2667172,15547250
2026-04-20T06:21:28Z,2885643,20789,2668723,15553488
2026-04-20T09:10:03Z,2885679,20792,2670411,15560443
2026-04-20T11:22:44Z,2885695,20793,2671372,15564374
2026-04-20T13:57:31Z,2885725,20793,2672758,15569796
2026-04-20T15:23:20Z,2885742,20794,2673569,15572756
2026-04-20T17:12:17Z,2885763,20796,2674680,15577408
2026-04-20T19:15:45Z,2885790,20800,2675837,15583328
2026-04-20T20:55:51Z,2885801,20801,2676769,15586873
2026-04-20T21:55:10Z,2885807,20801,2677376,15589017
2026-04-20T22:52:35Z,2885819,20802,2677940,15591227
2026-04-20T23:51:41Z,2885830,20802,2678500,15593354
2026-04-21T03:25:32Z,2885859,20803,2680495,15601919
2026-04-21T06:06:32Z,2885886,20804,2682063,15608047
2026-04-21T08:55:36Z,2885901,20804,2683476,15613478
2026-04-21T10:22:37Z,2885918,20804,2684231,15617378
2026-04-21T12:02:40Z,2885932,20804,2685092,15622072
2026-04-21T14:49:30Z,2885969,20805,2686717,15629812
2026-04-21T16:14:30Z,2885984,20806,2687541,15633516
2026-04-21T18:02:27Z,2886004,20806,2688466,15637420
2026-04-21T20:06:50Z,2886033,20808,2689930,15643468
2026-04-21T21:51:23Z,2886046,20808,2690840,15647113
2026-04-21T22:44:34Z,2886054,20808,2691426,15649599
2026-04-21T23:40:44Z,2886067,20809,2692030,15651543
2026-04-22T03:23:35Z,2886108,20809,2694058,15660525
2026-04-22T06:04:10Z,2886144,20809,2695209,15665287
2026-04-22T08:50:40Z,2886164,20809,2696878,15673319
2026-04-22T10:23:01Z,2886170,20809,2697599,15676530
2026-04-22T12:01:37Z,2886191,20809,2695183,15679917
2026-04-22T14:49:32Z,2886229,20811,2696998,15687393
2026-04-22T16:12:51Z,2886258,20812,2697945,15691006
2026-04-22T18:03:41Z,2886289,20814,2698905,15694633
2026-04-22T20:08:54Z,2886308,20814,2699942,15699340
2026-04-22T21:55:34Z,2886330,20815,2701055,15703779
2026-04-22T22:54:35Z,2886339,20815,2701636,15705874
2026-04-22T23:52:02Z,2886351,20816,2702171,15707946
2026-04-23T03:27:11Z,2886390,20816,2704151,15716069
2026-04-23T06:09:58Z,2886403,20819,2705678,15722343
2026-04-23T08:56:17Z,2886428,20819,2706943,15727147
2026-04-23T10:26:46Z,2886450,20820,2707694,15730541
2026-04-23T12:01:54Z,2886471,20820,2708568,15733983
2026-04-23T15:17:24Z,2886508,20820,2710556,15740763
2026-04-23T17:25:49Z,2886541,20821,2711665,15744828
2026-04-23T19:21:14Z,2886564,20821,2712834,15749044
2026-04-23T20:58:24Z,2886576,20822,2713675,15751560
2026-04-23T21:56:11Z,2886584,20823,2714207,15753450
2026-04-23T22:56:44Z,2886592,20824,2714761,15755454
2026-04-23T23:55:24Z,2886603,20825,2715280,15757460
2026-04-24T03:33:49Z,2886636,20826,2717257,15765411
2026-04-24T06:12:55Z,2886657,20826,2718629,15771160
2026-04-24T09:03:31Z,2886681,20826,2720210,15777962
2026-04-24T11:11:30Z,2886699,20826,2721311,15782290
2026-04-24T13:51:18Z,2886732,20826,2722972,15788768
2026-04-24T15:13:16Z,2886744,20826,2723559,15791109
2026-04-24T17:04:46Z,2886763,20829,2724622,15795206
2026-04-24T19:02:36Z,2886790,20830,2725712,15799444
2026-04-24T20:56:06Z,2886810,20831,2726901,15803588
2026-04-24T21:54:02Z,2886826,20832,2727469,15805829
2026-04-24T22:47:12Z,2886841,20832,2728088,15807985
2026-04-24T23:47:49Z,2886848,20832,2728654,15810039
2026-04-25T02:57:02Z,2886879,20832,2730372,15817341
2026-04-25T05:20:21Z,2886899,20832,2731738,15823031
2026-04-25T07:37:37Z,2886911,20832,2732819,15827255
2026-04-25T09:01:02Z,2886922,20832,2733624,15830309
2026-04-25T10:50:28Z,2886937,20832,2734650,15834407
2026-04-25T11:42:25Z,2886940,20833,2734925,15835403
2026-04-25T13:18:19Z,2886960,20834,2736094,15839870
2026-04-25T14:50:18Z,2886979,20834,2736989,15842917
2026-04-25T15:46:46Z,2886991,20834,2737400,15844466
2026-04-25T16:52:16Z,2887000,20834,2738031,15846920
2026-04-25T17:43:42Z,2887008,20835,2738319,15848138
2026-04-25T19:02:25Z,2887035,20835,2739187,15851542
2026-04-25T20:48:41Z,2887052,20835,2740283,15856030
2026-04-25T21:42:13Z,2887057,20835,2740575,15857133
2026-04-25T22:44:33Z,2887068,20836,2741102,15859355
2026-04-25T23:45:42Z,2887079,20837,2741891,15862433
2026-04-26T03:36:16Z,2887111,20837,2743801,15870876
2026-04-26T06:11:27Z,2887130,20838,2745079,15876815
2026-04-26T08:18:10Z,2887151,20838,2746461,15882303
2026-04-26T09:58:07Z,2887168,20838,2747230,15885608
2026-04-26T10:55:56Z,2887179,20838,2747781,15887870
2026-04-26T11:46:38Z,2887188,20838,2748269,15889896
2026-04-26T13:19:19Z,2887205,20839,2749095,15893392
2026-04-26T14:52:43Z,2887220,20839,2749910,15896831
2026-04-26T15:49:48Z,2887237,20839,2750448,15898879
2026-04-26T16:52:59Z,2887248,20839,2750994,15900914
2026-04-26T17:46:22Z,2887260,20839,2751514,15902796
2026-04-26T19:04:07Z,2887272,20840,2752118,15904995
2026-04-26T20:48:39Z,2887292,20840,2753258,15909357
2026-04-26T21:46:15Z,2887303,20840,2753777,15911403
2026-04-26T22:47:54Z,2887314,20840,2754313,15913520
2026-04-26T23:47:58Z,2887325,20840,2754838,15915510
2026-04-27T03:40:09Z,2887357,20840,2756864,15923629
2026-04-27T06:33:27Z,2887388,20840,2758431,15930416
2026-04-27T09:24:26Z,2887415,20840,2759974,15937139
2026-04-27T11:49:22Z,2887437,20840,2761310,15943239
2026-04-27T14:09:34Z,2887462,20840,2762435,15947865
2026-04-27T16:45:44Z,2887483,20850,2763964,15954055
2026-04-27T18:08:00Z,2887505,20850,2764890,15957636
2026-04-27T20:12:20Z,2887528,20850,2766053,15962506
2026-04-27T21:58:10Z,2887542,20851,2767193,15967179
2026-04-27T23:02:13Z,2887552,20851,2767755,15969438
2026-04-28T03:46:14Z,2887595,20851,2770311,15980105
2026-04-28T06:34:07Z,2887616,20852,2771926,15986492
2026-04-28T09:27:37Z,2887647,20853,2773574,15993017
2026-04-28T11:50:18Z,2887668,20854,2774899,15997875
2026-04-28T14:27:49Z,2887703,20854,2776332,16003438
2026-04-28T16:57:06Z,2887737,20854,2777729,16008613
2026-04-28T18:23:34Z,2887764,20855,2778644,16011752
2026-04-28T20:21:17Z,2887800,20856,2779830,16015926
2026-04-28T22:03:52Z,2887810,20856,2780590,16018890
2026-04-28T23:58:51Z,2887819,20856,2781650,16022725
2026-04-29T03:56:10Z,2887845,20856,2783878,16031210
2026-04-29T06:30:53Z,2887869,20856,2785295,16036871
2026-04-29T09:14:24Z,2887894,20857,2786719,16042045
2026-04-29T11:43:09Z,2887920,20858,2788230,16047306
2026-04-29T14:14:12Z,2887941,20860,2789775,16052491
2026-04-29T16:46:01Z,2887972,20861,2791285,16057843
2026-04-29T18:16:09Z,2887987,20879,2792114,16060796
2026-04-29T20:13:59Z,2888017,20880,2793153,16064743
2026-04-29T22:04:18Z,2888034,20882,2794262,16068650
2026-04-30T00:00:10Z,2888052,20883,2795385,16072923
2026-04-30T03:58:45Z,2888087,20986,2797711,16081823
2026-04-30T06:36:26Z,2888104,20986,2799087,16086881
2026-04-30T09:20:13Z,2888123,20987,2800370,16092179
2026-04-30T11:43:10Z,2888155,21147,2801649,16097664
2026-04-30T14:11:24Z,2888183,21186,2802995,16103237
2026-04-30T16:24:55Z,2888211,21249,2804153,16107975
2026-04-30T18:14:36Z,2888244,21272,2805312,16112348
2026-04-30T20:12:59Z,2888259,21273,2806459,16116641
2026-04-30T22:01:14Z,2888274,21452,2807667,16120804
2026-04-30T23:56:11Z,2888290,21452,2808616,16123683
2026-05-01T04:07:29Z,2888330,21456,2811325,16134063
2026-05-01T07:27:52Z,2888360,21633,2813016,16140860
2026-05-01T09:51:50Z,2888377,21786,2814511,16146470
2026-05-01T11:12:12Z,2888387,21787,2815268,16149948
2026-05-01T13:40:46Z,2888409,21912,2816808,16155418
2026-05-01T15:01:32Z,2888425,22067,2817690,16158831
2026-05-01T17:03:20Z,2888645,22159,2818946,16163450
2026-05-01T19:19:30Z,2888739,22160,2820056,16167616
2026-05-01T20:59:14Z,2888755,22283,2821268,16172254
2026-05-01T21:59:54Z,2888766,22284,2821834,16174566
2026-05-01T23:01:16Z,2888747,22281,2822313,16176480
2026-05-02T03:29:56Z,2888784,22282,2825132,16187494
2026-05-02T06:11:57Z,2888806,22283,2826630,16193068
2026-05-02T08:23:30Z,2888824,22283,2827820,16197399
2026-05-02T10:02:17Z,2888844,22283,2829016,16201706
2026-05-02T11:51:13Z,2888857,22283,2829930,16205146
2026-05-02T13:24:55Z,2888878,22283,2830813,16208381
2026-05-02T14:54:28Z,2888880,22444,2831719,16211852
2026-05-02T15:53:30Z,2888884,22671,2832233,16213946
2026-05-02T16:56:57Z,2888890,22754,2832847,16216320
2026-05-02T17:53:53Z,2888902,22754,2833477,16218490
2026-05-02T19:09:29Z,2888912,22755,2834395,16222071
2026-05-02T20:51:15Z,2888925,22755,2835321,16225522
2026-05-02T21:50:22Z,2888933,22755,2835924,16227784
2026-05-02T22:51:32Z,2888946,22755,2836501,16229695
2026-05-02T23:52:50Z,2888953,22755,2837093,16231781
2026-05-03T03:51:10Z,2888998,22756,2839419,16241407
2026-05-03T06:31:00Z,2889021,22756,2840964,16247282
2026-05-03T08:50:38Z,2889036,22756,2842122,16251384
2026-05-03T10:10:49Z,2889044,22756,2842871,16254470
2026-05-03T11:49:50Z,2889060,23424,2843707,16257617
2026-05-03T13:24:22Z,2889082,23694,2844517,16260726
2026-05-03T14:54:25Z,2889089,23930,2845302,16264051
2026-05-03T15:53:48Z,2889098,23986,2845891,16266272
2026-05-03T16:58:23Z,2889110,23986,2846469,16268359
2026-05-03T17:55:03Z,2889124,24165,2847054,16270385
2026-05-03T19:08:27Z,2889139,24168,2847920,16273700
2026-05-03T20:53:34Z,2889157,24168,2848693,16276696
2026-05-03T21:51:41Z,2889171,24168,2849291,16278742
2026-05-03T22:51:59Z,2889182,24168,2849809,16281002
2026-05-03T23:54:35Z,2889191,24168,2850315,16283143
2026-05-04T03:49:00Z,2889243,24168,2852471,16292139
2026-05-04T06:45:18Z,2889276,24411,2854034,16298756
2026-05-04T09:26:18Z,2889308,24590,2855407,16303908
2026-05-04T11:55:29Z,2889343,24633,2856702,16308745
2026-05-04T14:19:34Z,2889373,24634,2858049,16313538
2026-05-04T16:52:23Z,2889406,24889,2859478,16318981
2026-05-04T18:19:46Z,2889423,24889,2860304,16322206
2026-05-04T20:20:56Z,2889432,24890,2861396,16326131
2026-05-04T22:08:10Z,2889452,24974,2862548,16330438
2026-05-04T23:59:29Z,2889472,24974,2863430,16333654
2026-05-05T03:43:35Z,2889547,24975,2865711,16342623
2026-05-05T06:23:09Z,2889567,24975,2866971,16347853
2026-05-05T09:11:13Z,2889596,25261,2868530,16354289
2026-05-05T11:19:50Z,2889612,25324,2869475,16357981
2026-05-05T16:46:26Z,2889692,25325,2872152,16367615
2026-05-05T18:15:11Z,2889721,25325,2872971,16370577
2026-05-05T20:11:39Z,2889738,25326,2874098,16375073
2026-05-05T22:04:56Z,2889745,25477,2874884,16378365
2026-05-05T23:54:54Z,2889759,25677,2875805,16381948
2026-05-06T03:44:41Z,2889808,25677,2878054,16391284
2026-05-06T06:35:26Z,2889837,25677,2879291,16396725
2026-05-06T09:29:02Z,2889864,25679,2880765,16402731
2026-05-06T11:53:00Z,2889877,26092,2881947,16407779
2026-05-06T14:29:22Z,2889893,26092,2882895,16411277
2026-05-06T16:47:04Z,2889911,26226,2884268,16416840
2026-05-06T18:22:19Z,2889930,26305,2885067,16419988
2026-05-06T20:38:50Z,2889950,26340,2886046,16424036
2026-05-06T22:01:48Z,2889973,26361,2886841,16427318
2026-05-06T23:55:28Z,2889994,26361,2887964,16431766
2026-05-07T03:48:59Z,2890031,26362,2890115,16441656
2026-05-07T06:43:07Z,2890052,26362,2891309,16447526
2026-05-07T09:38:58Z,2890134,26362,2892803,16454574
2026-05-07T11:53:08Z,2890162,26362,2893954,16460617
2026-05-07T14:30:22Z,2890181,26362,2895032,16465871
2026-05-07T16:56:26Z,2890200,26363,2895530,16470076
2026-05-07T18:50:11Z,2890216,26363,2896326,16473718
2026-05-07T20:19:00Z,2890235,26364,2897042,16477302
2026-05-07T22:06:05Z,2890252,26365,2898035,16482125
2026-05-07T23:58:02Z,2890276,26366,2899084,16486386
2026-05-08T03:47:09Z,2890320,26366,2900975,16494216
2026-05-08T06:02:38Z,2890354,26368,2902267,16499865
2026-05-08T08:24:11Z,2890373,26368,2903054,16503057
2026-05-08T10:42:54Z,2890392,26368,2904147,16507509
2026-05-08T12:12:20Z,2890407,26386,2904841,16510510
2026-05-08T14:56:23Z,2890435,26544,2906115,16516125
2026-05-08T16:21:21Z,2890451,26544,2906805,16519188
2026-05-08T18:13:55Z,2890466,26590,2907768,16522690
2026-05-08T20:08:51Z,2890487,26591,2908567,16525870
2026-05-08T22:02:54Z,2890497,26591,2909323,16528938
2026-05-08T23:59:41Z,2890507,26592,2910128,16532321
2026-05-09T03:50:06Z,2890539,26592,2912180,16541387
2026-05-09T06:21:28Z,2890569,26594,2913363,16546251
2026-05-09T08:45:01Z,2890599,26596,2914673,16551408
2026-05-09T10:11:45Z,2890610,26596,2915406,16554441
2026-05-09T11:54:54Z,2890619,26596,2916143,16557562
2026-05-09T13:38:55Z,2890635,26596,2916840,16560654
2026-05-09T14:57:42Z,2890652,27485,2917599,16564399
2026-05-09T16:00:42Z,2890662,27746,2918100,16566609
2026-05-09T17:53:45Z,2890686,27747,2919067,16570536
2026-05-09T19:11:58Z,2890700,27908,2919849,16574311
2026-05-09T20:52:41Z,2890706,27938,2920486,16577149
2026-05-09T21:52:48Z,2890711,27941,2920747,16578237
2026-05-09T22:53:30Z,2890718,27941,2921204,16580267
2026-05-09T23:55:07Z,2890722,27941,2921653,16582231
2026-05-10T03:53:32Z,2890753,27941,2923508,16590618
2026-05-10T06:37:36Z,2890776,27942,2924560,16595208
2026-05-10T08:58:31Z,2890794,27942,2924582,16599786
2026-05-10T10:22:12Z,2890804,28022,2925129,16602224
2026-05-10T11:56:53Z,2890812,28022,2925699,16604590
2026-05-10T13:47:54Z,2890818,28022,2926533,16608066
2026-05-10T14:59:01Z,2890824,28022,2926932,16609820
2026-05-10T16:03:12Z,2890829,28022,2927014,16610047
2026-05-10T17:55:31Z,2890852,28022,2927998,16614329
2026-05-10T19:14:32Z,2890859,28229,2928482,16616397
2026-05-10T20:55:39Z,2890875,28238,2929462,16620788
2026-05-10T21:55:02Z,2890885,28297,2929991,16622852
2026-05-10T22:54:57Z,2890890,28297,2930525,16624872
2026-05-10T23:58:15Z,2890895,28297,2931012,16627132
2026-05-11T04:17:24Z,2890924,28335,2933110,16636217
2026-05-11T08:27:49Z,2890961,28336,2935063,16644120
2026-05-11T12:16:27Z,2890995,28338,2936599,16650385
2026-05-11T16:05:45Z,2891021,28534,2937465,16653732
2026-05-11T19:00:30Z,2891041,28733,2938655,16657995
2026-05-11T21:21:44Z,2891053,28973,2939495,16661093
2026-05-11T22:59:36Z,2891064,28974,2940312,16663951
2026-05-12T00:07:33Z,2891077,28974,2940844,16665885
2026-05-12T04:40:07Z,2891116,28974,2943201,16675704
2026-05-12T07:46:43Z,2891150,28975,2944724,16681377
2026-05-12T10:37:43Z,2891181,28975,2946350,16687596
2026-05-12T13:07:43Z,2891194,28976,2947229,16690843
2026-05-12T16:24:49Z,2891213,28976,2948019,16693414
2026-05-12T19:00:58Z,2891226,28995,2949193,16697629
2026-05-12T21:23:22Z,2891233,29667,2949838,16699984
2026-05-12T23:07:19Z,2891245,29668,2950664,16702705
2026-05-13T03:56:19Z,2891288,29668,2953354,16712998
2026-05-13T06:52:37Z,2891317,29669,2954999,16718960
2026-05-13T09:47:58Z,2891348,29914,2956615,16724929
2026-05-13T12:08:40Z,2891363,30892,2957611,16728720
2026-05-13T15:45:54Z,2891397,30892,2959098,16734392
2026-05-13T18:05:33Z,2891402,30892,2959495,16735600
2026-05-13T20:47:56Z,2891409,30907,2960360,16738425
2026-05-13T22:18:40Z,2891410,30907,2960365,16738428
2026-05-14T00:07:25Z,2891423,30907,2961100,16740671
2026-05-14T04:50:36Z,2891463,30908,2963516,16751100
2026-05-14T07:47:01Z,2891482,30909,2965207,16757906
2026-05-14T10:25:26Z,2891505,30910,2967034,16764535
2026-05-14T12:56:24Z,2891521,30911,2968263,16768756
2026-05-14T15:25:18Z,2891529,30911,2968882,16771037
2026-05-14T17:58:55Z,2891545,30911,2969621,16774117
2026-05-14T19:58:11Z,2891555,30911,2970037,16775803
2026-05-14T21:18:21Z,2891556,30911,2970193,16776205
2026-05-14T23:02:06Z,2891574,30911,2971318,16780246
2026-05-15T03:59:39Z,2891620,30911,2974176,16790474
2026-05-15T07:30:49Z,2891647,30911,2975747,16796033
2026-05-15T10:31:51Z,2891669,30912,2977627,16802515
2026-05-15T12:58:02Z,2891690,30913,2978946,16807528
2026-05-15T15:23:34Z,2891701,30913,2979794,16810421
2026-05-15T17:46:35Z,2891703,30913,2979883,16810484
2026-05-15T19:46:25Z,2891709,30913,2980394,16811956
2026-05-15T21:11:30Z,2891719,30913,2980936,16813664
2026-05-15T23:00:43Z,2891734,30913,2982004,16817100
2026-05-16T03:40:39Z,2891760,30914,2984365,16824932
2026-05-16T06:26:04Z,2891783,30914,2985992,16830033
2026-05-16T08:50:41Z,2891799,30914,2987193,16833360
2026-05-16T10:20:17Z,2891809,30916,2988085,16835959
2026-05-16T11:55:39Z,2891821,30919,2988739,16837954
2026-05-16T13:48:13Z,2891837,30919,2989510,16840443
2026-05-16T15:01:51Z,2891839,30919,2989604,16840635
2026-05-16T17:04:33Z,2891854,30919,2990688,16844380
2026-05-16T19:13:54Z,2891876,30919,2991820,16847987
2026-05-16T20:56:35Z,2891884,30920,2992851,16851039
2026-05-16T21:56:33Z,2891893,30920,2993444,16852681
2026-05-16T22:56:18Z,2891900,30920,2994041,16854330
2026-05-16T23:59:59Z,2891908,30921,2994580,16855924
2026-05-17T04:15:30Z,2891942,30921,2996688,16862673
2026-05-17T07:35:41Z,2891968,30937,2998427,16868786
2026-05-17T09:52:09Z,2891997,31044,2999582,16873361
2026-05-17T11:14:21Z,2892000,31044,3000099,16875140
2026-05-17T13:44:00Z,2892018,31082,3001425,16879687
2026-05-17T15:02:04Z,2892038,31082,3002301,16882654
2026-05-17T17:03:24Z,2892053,31082,3003574,16886464
2026-05-17T19:16:51Z,2892060,31083,3004302,16888535
2026-05-17T21:00:15Z,2892069,31083,3005576,16892370
2026-05-17T22:57:19Z,2892091,31083,3006875,16896235
2026-05-18T00:03:51Z,2892096,31083,3007504,16898081
2026-05-18T05:09:48Z,2892134,31083,3010444,16908346
2026-05-18T10:16:27Z,2892165,31083,3012602,16915204
2026-05-18T14:33:48Z,2892175,31083,3013448,16917970
2026-05-18T17:31:59Z,2892180,31083,3013488,16917996
2026-05-18T19:51:26Z,2892181,31100,3013578,16918205
2026-05-18T21:17:32Z,2892182,31100,3013587,16918212
2026-05-18T23:09:28Z,2892184,31100,3013892,16919149
2026-05-19T04:07:07Z,2892220,31102,3015783,16925252
2026-05-19T08:31:41Z,2892220,31102,3015837,16925374
2026-05-19T12:14:50Z,2892235,31155,3017070,16929911
2026-05-19T16:26:15Z,2892280,31156,3019419,16937406
2026-05-19T19:05:39Z,2892318,31157,3020870,16942403
2026-05-19T21:24:37Z,2892332,31158,3022037,16943381
2026-05-19T23:09:39Z,2892345,31158,3023209,16947078
2026-05-20T04:07:47Z,2892384,31159,3026197,16957763
2026-05-20T08:29:50Z,2892435,31159,3029028,16966592
2026-05-20T11:51:44Z,2892460,31159,3030867,16971943
2026-05-20T15:37:45Z,2892487,31289,3033048,16977633
2026-05-20T18:23:20Z,2892508,31289,3033972,16981107
2026-05-20T21:01:25Z,2892519,31289,3034447,16982668
2026-05-20T23:17:27Z,2892531,31289,3035304,16985565
2026-05-21T04:16:48Z,2892581,31290,3037986,16995147
2026-05-21T08:37:21Z,2892620,31290,3039982,17003692
2026-05-21T12:20:19Z,2892655,31394,3041170,17009479
2026-05-21T16:19:03Z,2892674,31395,3041961,17012246
2026-05-21T19:01:43Z,2892694,31395,3042931,17015618
2026-05-21T21:40:26Z,2892705,31395,3043119,17016069
2026-05-21T23:07:35Z,2892710,31395,3043139,17016096
2026-05-22T04:12:04Z,2892744,31395,3044644,17022360
2026-05-22T08:24:53Z,2892764,31395,3045736,17026791
2026-05-22T11:48:51Z,2892786,31395,3046605,17030341
2026-05-22T14:50:30Z,2892801,31396,3047317,17032913
2026-05-22T17:11:46Z,2892820,31396,3048522,17037141
2026-05-22T19:56:06Z,2892853,31397,3050131,17042673
2026-05-22T21:17:55Z,2892860,31397,3050646,17044373
2026-05-22T23:07:37Z,2892873,31398,3051724,17047923
2026-05-23T03:50:50Z,2892903,31398,3054317,17056760
2026-05-23T06:38:25Z,2892936,31398,3055888,17062108
2026-05-23T09:05:23Z,2892950,31398,3057227,17066530
2026-05-23T11:16:52Z,2892967,31398,3058313,17069878
2026-05-23T13:49:28Z,2892976,31398,3059720,17074433
2026-05-23T15:05:59Z,2892991,31399,3060491,17076901
2026-05-23T17:08:45Z,2893008,31399,3061498,17080416
2026-05-23T19:19:23Z,2893026,31400,3062543,17083904
2026-05-23T20:59:52Z,2893043,31401,3063537,17087080
2026-05-23T22:02:51Z,2893055,31401,3064028,17088648
2026-05-24T00:02:08Z,2893074,31401,3065056,17092067
2026-05-24T05:05:05Z,2893108,31401,3067776,17101266
2026-05-24T08:37:43Z,2893141,31401,3069285,17107191
2026-05-24T10:45:04Z,2893146,31401,3069984,17109767
2026-05-24T12:03:45Z,2893164,31401,3070540,17111921
2026-05-24T14:27:32Z,2893196,31401,3071556,17115898
2026-05-24T16:05:16Z,2893211,31401,3072113,17118541
2026-05-24T18:01:45Z,2893235,31401,3073210,17121806
2026-05-24T20:10:31Z,2893259,31401,3074323,17125017
2026-05-24T21:59:51Z,2893273,31402,3075366,17128076
2026-05-24T23:09:14Z,2893276,31402,3075850,17129502
2026-05-25T04:22:01Z,2893330,31402,3078117,17138598
2026-05-25T09:01:04Z,2893367,31402,3080740,17146357
2026-05-25T13:33:04Z,2893396,31403,3083180,17152804
2026-05-25T16:25:19Z,2893432,31404,3084812,17157213
2026-05-25T18:46:53Z,2893447,31404,3085830,17160857
2026-05-25T20:24:21Z,2893458,31406,3086568,17163262
2026-05-25T22:12:51Z,2893475,31406,3087577,17166754
2026-05-26T00:11:11Z,2893485,31406,3088438,17169877
2026-05-26T05:07:02Z,2893530,31406,3090846,17178379
2026-05-26T10:07:52Z,2893585,31407,3093345,17186251
2026-05-26T13:56:46Z,2893623,31593,3095235,17192760
2026-05-26T17:30:54Z,2893684,31593,3096938,17198549
2026-05-26T20:20:14Z,2893716,31593,3098190,17202863
2026-05-26T22:24:11Z,2893739,31593,3099194,17206217
2026-05-27T00:13:40Z,2893757,31593,3100194,17209391
2026-05-27T05:21:20Z,2893788,31593,3102495,17218253
2026-05-27T10:05:46Z,2893817,31593,3104581,17225552
2026-05-27T14:30:18Z,2893860,31594,3106435,17232092
2026-05-27T18:05:18Z,2893901,31599,3107889,17237100
2026-05-27T21:04:04Z,2893927,31599,3109161,17241282
2026-05-27T23:21:10Z,2893944,31599,3109972,17244526
2026-05-28T04:10:52Z,2893996,31599,3112284,17253070
2026-05-28T08:47:14Z,2894019,31599,3114291,17260399
2026-05-28T12:34:15Z,2894079,31600,3116066,17267140
2026-05-28T16:57:47Z,2894122,31602,3117924,17275239
2026-05-28T19:41:09Z,2894155,31602,3118963,17279645
2026-05-28T22:02:41Z,2894184,31602,3119922,17284123
2026-05-29T00:14:38Z,2894289,31603,3120749,17287454
2026-05-29T05:16:15Z,2894330,31603,3122947,17296903
2026-05-29T10:03:58Z,2894365,31603,3125331,17305221
2026-05-29T14:10:40Z,2894395,31603,3127250,17311548
2026-05-29T18:13:45Z,2894426,31604,3129274,17318587
2026-05-29T21:09:58Z,2894446,31604,3130618,17323328
2026-05-29T23:18:51Z,2894466,31605,3131463,17326501
2026-05-30T03:58:07Z,2894502,31609,3133581,17335072
2026-05-30T06:52:21Z,2894519,31610,3134823,17339092
2026-05-30T09:23:20Z,2894536,31610,3136157,17343202
2026-05-30T11:25:47Z,2894547,31610,3137195,17346523
2026-05-30T13:52:40Z,2894569,31810,3138540,17350405
2026-05-30T15:14:19Z,2894586,31810,3139328,17352615
2026-05-30T17:15:16Z,2894601,31935,3140381,17355691
2026-05-30T19:26:01Z,2894614,31935,3141430,17358649
2026-05-30T21:06:09Z,2894626,31935,3142412,17361883
2026-05-30T23:04:10Z,2894642,31935,3143441,17365047
2026-05-31T04:23:27Z,2894678,31935,3145966,17373878
2026-05-31T08:17:57Z,2894694,31935,3147951,17380977
2026-05-31T11:03:02Z,2894713,31935,3149461,17385639
2026-05-31T13:57:48Z,2894727,31935,3150752,17389496
2026-05-31T15:23:03Z,2894734,31935,3151488,17392070
2026-05-31T17:14:50Z,2894758,31936,3152528,17395264
2026-05-31T19:24:58Z,2894772,31936,3153506,17398542
2026-05-31T21:07:05Z,2894787,31937,3154520,17401945
2026-05-31T23:06:12Z,2894820,31937,3155497,17404919
2026-06-01T04:53:18Z,2894868,31937,3158327,17414603
2026-06-01T10:26:19Z,2894911,31938,3160840,17423919
2026-06-01T16:43:42Z,2894955,31938,3163769,17435245
2026-06-01T20:58:39Z,2894982,31939,3165442,17441237
2026-06-01T23:06:25Z,2894995,31939,3166530,17444744
2026-06-02T04:41:39Z,2895034,31939,3169062,17453729
2026-06-02T09:13:23Z,2895074,31940,3171276,17461077
2026-06-02T14:11:43Z,2895105,31941,3173587,17469551
2026-06-02T18:45:47Z,2895155,31942,3175672,17476370
2026-06-02T21:52:45Z,2895179,31942,3177031,17480968
2026-06-02T23:51:46Z,2895202,31942,3177987,17484295
2026-06-03T04:50:37Z,2895258,31942,3180604,17492846
2026-06-03T09:58:01Z,2895309,31942,3183361,17500921
2026-06-03T14:53:18Z,2895337,31943,3186223,17508965
2026-06-03T18:50:10Z,2895370,31944,3188562,17515528
2026-06-03T21:54:08Z,2895398,31945,3190182,17520813
2026-06-03T23:49:24Z,2895416,31945,3191219,17524529
2026-06-04T04:44:40Z,2895456,31945,3193939,17535290
2026-06-04T08:53:52Z,2895497,31946,3196096,17543621
2026-06-04T16:23:21Z,2895550,31948,3199801,17558468
2026-06-04T19:25:13Z,2895582,31950,3201375,17564492
2026-06-04T21:46:19Z,2895597,31950,3202698,17569330
2026-06-05T04:18:59Z,2895645,31951,3206374,17582652
2026-06-05T08:46:47Z,2895675,31952,3208985,17592346
2026-06-05T12:12:49Z,2895692,31953,3211030,17598606
2026-06-05T16:03:28Z,2895743,31954,3212916,17605132
2026-06-05T22:19:26Z,2895780,31960,3216561,17618099
2026-06-06T00:13:21Z,2895796,31961,3217736,17622322
2026-06-06T04:57:52Z,2895821,31963,3220444,17632056
2026-06-06T07:52:11Z,2895842,31963,3222118,17637740
2026-06-06T10:10:38Z,2895859,31963,3223510,17642688
2026-06-06T12:09:23Z,2895869,31963,3224561,17646015
2026-06-06T14:46:41Z,2895891,31963,3225965,17650953
2026-06-06T16:11:21Z,2895903,31963,3226806,17654212
2026-06-06T18:11:48Z,2895924,31963,3227921,17658670
2026-06-06T20:13:47Z,2895938,31963,3229012,17662925
2026-06-06T22:08:09Z,2895946,31963,3230084,17666848
2026-06-07T05:26:41Z,2895991,31963,3233934,17681065
2026-06-07T11:52:42Z,2896027,31963,3237584,17693882
2026-06-07T14:06:34Z,2896037,31963,3238958,17698492
2026-06-07T16:21:49Z,2896052,31963,3240131,17702445
2026-06-07T18:09:26Z,2896065,31963,3241282,17706387
2026-06-07T20:17:04Z,2896082,31964,3242413,17710403
2026-06-07T22:09:49Z,2896150,31964,3243546,17714134
2026-06-08T00:15:38Z,2896162,31964,3244633,17717755
2026-06-08T05:56:41Z,2896230,31966,3247573,17728630
2026-06-08T11:15:29Z,2896283,31967,3250535,17738562
2026-06-08T16:05:06Z,2896306,31968,3253150,17746573
2026-06-08T19:24:30Z,2896331,31968,3255058,17752643
2026-06-08T21:54:29Z,2896353,31968,3256377,17756546
2026-06-08T23:15:29Z,2896368,31968,3257125,17758967
2026-06-09T04:05:02Z,2896409,31968,3259516,17768489
2026-06-09T08:33:37Z,2896447,31968,3261873,17777065
2026-06-09T12:08:31Z,2896470,31969,3263964,17784457
2026-06-09T16:07:08Z,2896483,31969,3265883,17791520
2026-06-10T04:16:18Z,2896566,31971,3273088,17816638
2026-06-10T08:53:43Z,2896647,31971,3275793,17825272
2026-06-10T12:28:00Z,2896677,31971,3277709,17831482
2026-06-10T16:38:43Z,2896712,31973,3280266,17840006
2026-06-10T19:38:44Z,2896727,31976,3281990,17845867
2026-06-10T22:08:47Z,2896747,31976,3283416,17850787
2026-06-11T00:21:17Z,2896756,31977,3284581,17854566
2026-06-11T10:50:22Z,2896816,31977,3290799,17875722
2026-06-11T14:43:13Z,2896856,31978,3292663,17883044
2026-06-11T18:19:57Z,2896876,31978,3294742,17889949
2026-06-11T21:25:05Z,2896889,31978,3296273,17895122
2026-06-11T23:41:14Z,2896904,31978,3297702,17899812
2026-06-12T04:41:38Z,2896930,31978,3300550,17910255
2026-06-12T09:03:00Z,2896957,31979,3302680,17918227
2026-06-12T13:30:35Z,2896990,31979,3304356,17925349
2026-06-12T16:47:39Z,2897006,31979,3306361,17932701
2026-06-12T19:10:32Z,2897027,32058,3307726,17937717
2026-06-12T21:53:46Z,2897042,32058,3309075,17942892
2026-06-12T23:22:45Z,2897057,32058,3309999,17946140
2026-06-13T04:20:18Z,2897107,32058,3312723,17956681
2026-06-13T08:25:49Z,2897134,32058,3314839,17964777
2026-06-13T11:19:52Z,2897157,32058,3316469,17970406
2026-06-13T14:12:22Z,2897171,32058,3318061,17976736
2026-06-13T16:18:54Z,2897191,32058,3319136,17981002
2026-06-13T18:13:51Z,2897204,32058,3320161,17985215
2026-06-13T20:20:05Z,2897214,32060,3321169,17988972
2026-06-13T22:10:00Z,2897219,32060,3321896,17991869
2026-06-14T00:13:44Z,2897230,32061,3323153,17996890
2026-06-14T05:55:27Z,2897253,32061,3325840,18007757
2026-06-14T12:02:31Z,2897298,32061,3328909,18018481
2026-06-14T15:09:04Z,2897313,32061,3330464,18023622
2026-06-14T17:24:36Z,2897333,32061,3331746,18028326
2026-06-14T19:44:33Z,2897356,32062,3332958,18032682
2026-06-14T21:19:21Z,2897364,32063,3333681,18035289
2026-06-14T23:14:13Z,2897374,32063,3334655,18038606
2026-06-15T05:03:33Z,2897407,32063,3337378,18048931
2026-06-15T12:29:31Z,2897455,32064,3341056,18061881
2026-06-15T17:57:52Z,2897500,32064,3343881,18071537
2026-06-15T23:50:26Z,2897530,32064,3346837,18081939
2026-06-16T11:22:56Z,2897598,32065,3352754,18100962
2026-06-16T17:06:27Z,2897649,32065,3355794,18109551
2026-06-16T21:09:48Z,2897677,32065,3357956,18116273
2026-06-16T23:26:51Z,2897699,32066,3359291,18120417
2026-06-17T04:48:14Z,2897733,32069,3362076,18129554
2026-06-17T09:53:25Z,2897766,32069,3364470,18137094
2026-06-17T13:48:19Z,2897792,32070,3366424,18142923
2026-06-17T19:27:41Z,2897822,32071,3369238,18151702
2026-06-17T22:05:07Z,2897839,32072,3370440,18155597
2026-06-18T00:18:57Z,2897851,32072,3371661,18159383
2026-06-18T05:59:30Z,2897872,32072,3374318,18168811
2026-06-18T10:43:38Z,2897906,32072,3376615,18176539
2026-06-18T14:13:40Z,2897933,32073,3378163,18181765
2026-06-18T18:07:46Z,2897954,32073,3379684,18187308
2026-06-18T21:23:21Z,2897979,32074,3381189,18193324
2026-06-18T23:49:12Z,2897994,32075,3382246,18197476
2026-06-19T05:00:07Z,2898020,32075,3384580,18206826
2026-06-19T10:46:39Z,2898065,32075,3387271,18216310
2026-06-19T14:13:50Z,2898091,32075,3388865,18222411
2026-06-19T17:21:11Z,2898114,32077,3390293,18227351
2026-06-19T19:55:06Z,2898126,32077,3391426,18231025
2026-06-19T21:13:31Z,2898131,32078,3392112,18233367
2026-06-19T23:03:28Z,2898138,32078,3392791,18236019
2026-06-20T04:13:08Z,2898165,32078,3395090,18246138
2026-06-20T08:23:04Z,2898185,32079,3397159,18253900
2026-06-20T11:21:20Z,2898200,32079,3398398,18258668
2026-06-20T14:16:19Z,2898218,32080,3399754,18263594
2026-06-20T16:23:23Z,2898224,32081,3400697,18267012
2026-06-20T18:16:55Z,2898235,32081,3401507,18269897
2026-06-20T20:18:49Z,2898252,32081,3402322,18273001
2026-06-20T22:14:24Z,2898264,32081,3403152,18276257
2026-06-21T00:13:43Z,2898269,32081,3403729,18278810
2026-06-21T06:08:08Z,2898303,32082,3406009,18289022
2026-06-21T10:34:17Z,2898334,32083,3407777,18295554
2026-06-21T13:10:01Z,2898347,32083,3408709,18298979
2026-06-21T15:57:43Z,2898369,32083,3409929,18303156
2026-06-21T17:46:17Z,2898375,32085,3410667,18306111
2026-06-21T19:51:14Z,2898389,32085,3411383,18309031
2026-06-21T21:20:11Z,2898395,32085,3411903,18311202
2026-06-21T23:20:46Z,2898399,32085,3412581,18314061
2026-06-22T05:04:06Z,2898424,32086,3414676,18324475
2026-06-22T12:15:21Z,2898465,32089,3417364,18336211
2026-06-22T17:42:20Z,2898499,32089,3419801,18346420
2026-06-22T20:55:30Z,2898513,32089,3421310,18352848
2026-06-22T22:50:09Z,2898520,32089,3422202,18356138
2026-06-23T00:13:35Z,2898528,32089,3422642,18357844
2026-06-23T05:07:10Z,2898548,32089,3424974,18367194
2026-06-23T09:53:44Z,2898579,32091,3427168,18376050
2026-06-23T12:38:09Z,2898588,32106,3428138,18380086
2026-06-23T15:54:26Z,2898614,32106,3429682,18385595
2026-06-23T18:03:55Z,2898620,32106,3430555,18388854
2026-06-23T21:02:26Z,2898631,32108,3431886,18393837
2026-06-23T23:11:58Z,2898642,32108,3432671,18396768
2026-06-24T04:05:53Z,2898679,32108,3434838,18405882
2026-06-24T08:25:31Z,2898720,32109,3436595,18413557
2026-06-24T11:48:50Z,2898749,32110,3437850,18418677
2026-06-24T14:43:54Z,2898790,32110,3439132,18423917
2026-06-24T17:08:39Z,2898815,32110,3440248,18428227
2026-06-24T19:54:00Z,2898841,32113,3441517,18433631
2026-06-24T21:26:37Z,2898867,32114,3442160,18436517
2026-06-24T23:11:08Z,2898896,32115,3442724,18439111
2026-06-25T04:06:26Z,2898939,32117,3444874,18449270
2026-06-25T08:26:14Z,2898976,32118,3446797,18457880
2026-06-25T11:43:15Z,2899001,32118,3448072,18463440
2026-06-25T14:42:59Z,2899030,32118,3449409,18469097
2026-06-25T17:17:26Z,2899055,32118,3450544,18473594
2026-06-25T20:09:28Z,2899101,32119,3451834,18478762
2026-06-25T22:24:03Z,2899144,32123,3452955,18483143
2026-06-26T00:15:01Z,2899163,32123,3453568,18485681
2026-06-26T05:13:18Z,2899238,32126,3455651,18496032
2026-06-26T09:38:06Z,2899293,32130,3457735,18504635
2026-06-26T12:15:44Z,2899320,32130,3458787,18508966
2026-06-26T15:26:19Z,2899364,32131,3460442,18515538
2026-06-26T17:55:08Z,2899387,32131,3461614,18520325
2026-06-26T19:58:22Z,2899408,32132,3462533,18524019
2026-06-26T21:36:32Z,2899423,32133,3463230,18526656
2026-06-26T23:13:15Z,2899451,32133,3463852,18529215
2026-06-27T03:59:14Z,2899506,32135,3465933,18538844
2026-06-27T07:24:04Z,2899539,32135,3467262,18545361
2026-06-27T10:14:43Z,2899564,32135,3468162,18549546
2026-06-27T12:10:52Z,2899588,32136,3468793,18552518
2026-06-27T14:46:11Z,2899620,32137,3469684,18556465
2026-06-27T16:10:15Z,2899641,32137,3470403,18559004
2026-06-27T18:08:55Z,2899660,32137,3471314,18562569
2026-06-27T20:12:16Z,2899672,32137,3472178,18566182
2026-06-27T22:07:41Z,2899696,32138,3473036,18569768
2026-06-28T00:07:47Z,2899714,32138,3473988,18573275
2026-06-28T05:20:50Z,2899752,32139,3476277,18583584
2026-06-28T09:19:23Z,2899801,32139,3478014,18591188
2026-06-28T11:49:59Z,2899817,32140,3479140,18596005
2026-06-28T14:01:14Z,2899838,32141,3480319,18601010
2026-06-28T16:16:41Z,2899853,32143,3481272,18605150
2026-06-28T18:08:41Z,2899870,32143,3482230,18609085
2026-06-28T20:16:53Z,2899894,32143,3483156,18613112
2026-06-28T22:05:44Z,2899907,32144,3484066,18617114
2026-06-29T00:13:11Z,2899923,32144,3484919,18621101
2026-06-29T05:55:17Z,2899972,32144,3487706,18634234
2026-06-29T11:12:15Z,2900017,32147,3489921,18644779
2026-06-29T15:56:36Z,2900063,32212,3492253,18655836
2026-06-29T18:16:34Z,2900074,32212,3493137,18659161
2026-06-29T20:50:59Z,2900095,32212,3494283,18664317
2026-06-29T22:13:03Z,2900107,32212,3494959,18667439
2026-06-30T00:11:19Z,2900116,32212,3495878,18671369
2026-06-30T05:09:27Z,2900147,32214,3498203,18683491
2026-06-30T09:51:16Z,2900189,32214,3500218,18693979
2026-06-30T12:14:43Z,2900197,32214,3501279,18699143
2026-06-30T15:34:37Z,2900217,32215,3502901,18707353
2026-06-30T18:02:23Z,2900230,32450,3504083,18712918
2026-06-30T20:59:24Z,2900254,32451,3505433,18719538
2026-06-30T22:21:24Z,2900261,32453,3505889,18721600
2026-07-01T00:13:13Z,2900272,32453,3506778,18725521
2026-07-01T05:26:54Z,2900310,32456,3509199,18737653
2026-07-01T09:59:58Z,2900352,32456,3511131,18747383
2026-07-01T12:42:55Z,2900371,32456,3512197,18752771
2026-07-01T15:46:49Z,2900384,32457,3513564,18759445
2026-07-01T18:03:15Z,2900402,32458,3514620,18764815
2026-07-01T20:49:38Z,2900417,32459,3515732,18769926
2026-07-01T22:21:43Z,2900425,32460,3516301,18772886
2026-07-02T00:14:35Z,2900441,32460,3517003,18776694
2026-07-02T05:02:45Z,2900477,32461,3519134,18787555
2026-07-02T09:23:06Z,2900500,32461,3520664,18796138
2026-07-02T12:11:54Z,2900519,32461,3521765,18802097
2026-07-02T15:21:16Z,2900533,32463,3523006,18808459
2026-07-02T17:56:04Z,2900557,32465,3524030,18813725
2026-07-02T19:43:28Z,2900570,32466,3524825,18817892
2026-07-02T21:14:44Z,2900591,32466,3525395,18821152
2026-07-02T23:13:50Z,2900605,32466,3526227,18825568
2026-07-03T03:49:34Z,2900648,32467,3528009,18835698
2026-07-03T07:28:24Z,2900675,32468,3529572,18844422
2026-07-03T10:43:26Z,2900708,32469,3530774,18850939
2026-07-03T12:59:54Z,2900731,32469,3531745,18855885
2026-07-03T15:20:27Z,2900754,32469,3532613,18859928
2026-07-03T17:38:43Z,2900781,32470,3533697,18864843
2026-07-03T19:37:42Z,2900793,32470,3534519,18868784
2026-07-03T21:14:00Z,2900795,32470,3535126,18871548
2026-07-03T23:10:54Z,2900805,32470,3535917,18875278
2026-07-04T03:41:22Z,2900829,32470,3537867,18884673
2026-07-04T06:51:54Z,2900847,32470,3539033,18891381
2026-07-04T09:26:36Z,2900858,32471,3540017,18896605
2026-07-04T11:38:12Z,2900871,32473,3540963,18901654
2026-07-04T13:46:26Z,2900894,32474,3541743,18905634
2026-07-04T15:11:10Z,2900904,32474,3542301,18908715
2026-07-04T17:12:51Z,2900922,32474,3543031,18913046
2026-07-04T19:22:22Z,2900940,32475,3543762,18917239
2026-07-04T21:04:46Z,2900954,32476,3544490,18921374
2026-07-04T23:02:46Z,2900972,32476,3545232,18925430
2026-07-05T04:00:28Z,2901003,32478,3547138,18936463
2026-07-05T08:05:46Z,2901032,32479,3548673,18944996
2026-07-05T11:07:30Z,2901049,32479,3549851,18951098
2026-07-05T13:52:07Z,2901062,32479,3550832,18956305
2026-07-05T15:17:02Z,2901073,32479,3551454,18959249
2026-07-05T17:17:20Z,2901086,32479,3552219,18963074
2026-07-05T19:25:58Z,2901094,32479,3552935,18966559
2026-07-05T21:08:12Z,2901104,32479,3553652,18969838
2026-07-05T23:06:02Z,2901113,32480,3554370,18973196
2026-07-06T04:06:44Z,2901152,32481,3556304,18982664
2026-07-06T09:03:18Z,2901194,32481,3558203,18991918
2026-07-06T13:51:32Z,2901218,32481,3559942,19000407
2026-07-06T16:54:06Z,2901239,32482,3561240,19005791
2026-07-06T18:59:25Z,2901256,32482,3562045,19009428
2026-07-06T20:57:10Z,2901268,32482,3562743,19012844
2026-07-06T22:20:55Z,2901283,32483,3563271,19015401
2026-07-07T00:13:58Z,2901303,32484,3563989,19018788
2026-07-07T04:57:22Z,2901334,32488,3565866,19027250
2026-07-07T08:31:57Z,2901360,32489,3567092,19033060
2026-07-07T11:56:31Z,2901383,32490,3568328,19039543
2026-07-07T14:55:49Z,2901404,32491,3569440,19045423
2026-07-07T17:23:05Z,2901419,32491,3570406,19050451
2026-07-07T20:04:04Z,2901442,32491,3571466,19055937
2026-07-07T22:14:52Z,2901451,32491,3572207,19059406
2026-07-08T00:02:37Z,2901463,32491,3572760,19061898
2026-07-08T04:18:23Z,2901490,32492,3574489,19070479
2026-07-08T07:32:42Z,2901512,32493,3575663,19076088
2026-07-08T10:24:15Z,2901527,32493,3576788,19081525
2026-07-08T12:24:12Z,2901553,32494,3577523,19085033
2026-07-08T15:25:43Z,2901566,32495,3578758,19090516
2026-07-08T17:43:15Z,2901591,32497,3579857,19095053
2026-07-08T19:42:01Z,2901599,32498,3580576,19098414
2026-07-08T21:14:17Z,2901611,32498,3581132,19101031
2026-07-08T23:13:39Z,2901630,32498,3581893,19104638
2026-07-09T03:51:09Z,2901660,32499,3583769,19113359
2026-07-09T07:42:17Z,2901682,32499,3585195,19120289
2026-07-09T11:10:16Z,2901701,32499,3586401,19126456
2026-07-09T15:22:32Z,2901738,32500,3587915,19133453
2026-07-09T18:01:21Z,2901754,32500,3588955,19138142
2026-07-09T20:50:19Z,2901769,32501,3590088,19143410
2026-07-09T22:26:51Z,2901783,32502,3590661,19146115
2026-07-10T00:10:13Z,2901799,32504,3591432,19149518
2026-07-10T04:57:09Z,2901854,32505,3593337,19158895
2026-07-10T08:29:43Z,2901875,32506,3594636,19165464
2026-07-10T11:57:15Z,2901889,32507,3595891,19172012
2026-07-10T14:46:09Z,2901904,32509,3596838,19177622
2026-07-10T17:00:54Z,2901919,32509,3597637,19181403
2026-07-10T19:40:32Z,2901940,32509,3598836,19186812
2026-07-10T21:10:45Z,2901954,32510,3599407,19189561
2026-07-10T23:02:36Z,2901962,32510,3599950,19192470
2026-07-11T03:18:46Z,2901996,32511,3601706,19201613
2026-07-11T06:19:11Z,2902016,32512,3602751,19207693
2026-07-11T08:51:03Z,2902031,32514,3603678,19212648
2026-07-11T10:18:57Z,2902041,32514,3604178,19215673
2026-07-11T11:56:25Z,2902043,32515,3604724,19218714
2026-07-11T13:44:25Z,2902055,32516,3605125,19222940
2026-07-11T14:59:36Z,2902061,32516,3605480,19224990
2026-07-11T16:04:10Z,2902067,32516,3605898,19227025
2026-07-11T17:57:37Z,2902089,32517,3606691,19230971
2026-07-11T19:18:26Z,2902092,32517,3607244,19233734
2026-07-11T20:56:50Z,2902110,32517,3607778,19236488
2026-07-11T21:57:04Z,2902115,32517,3608124,19238256
2026-07-11T22:59:00Z,2902121,32517,3608455,19240021
2026-07-12T00:04:26Z,2902127,32517,3608794,19241619
2026-07-12T04:28:23Z,2902148,32517,3610468,19250305
2026-07-12T07:30:46Z,2902160,32518,3611532,19256188
2026-07-12T09:55:39Z,2902178,32519,3612493,19260788
2026-07-12T11:16:56Z,2902183,32520,3612988,19263473
2026-07-12T13:39:29Z,2902195,32520,3613988,19268173
2026-07-12T15:02:03Z,2902205,32520,3614398,19270072
2026-07-12T17:05:03Z,2902232,32521,3615286,19274061
2026-07-12T19:13:04Z,2902254,32524,3616394,19278866
2026-07-12T20:58:05Z,2902265,32525,3617188,19281775
2026-07-12T21:59:21Z,2902276,32525,3617696,19283578
2026-07-12T23:01:26Z,2902280,32525,3618176,19285321
2026-07-13T03:33:28Z,2902317,32528,3620548,19293929
2026-07-13T07:27:10Z,2902350,32530,3622408,19301229
2026-07-13T11:18:47Z,2902387,32530,3624227,19304990
2026-07-13T14:47:29Z,2902412,32531,3625835,19311811
2026-07-13T17:17:40Z,2902425,32533,3626969,19316546
2026-07-13T19:36:14Z,2902436,32533,3627906,19320217
2026-07-13T21:02:19Z,2902448,32533,3628543,19322822
2026-07-13T22:59:42Z,2902465,32534,3629424,19326569
2026-07-14T00:00:49Z,2902475,32534,3629890,19328511
2026-07-14T04:06:58Z,2902498,32535,3631725,19337286
2026-07-14T07:12:35Z,2902526,32536,3633224,19344475
2026-07-14T10:03:36Z,2902543,32536,3634333,19349791
2026-07-14T12:18:16Z,2902568,32536,3635342,19355032
2026-07-14T14:57:47Z,2902602,32536,3636452,19360721
2026-07-14T16:22:06Z,2902622,32536,3637085,19363826
2026-07-14T18:07:57Z,2902633,32537,3637893,19366850
2026-07-14T20:16:39Z,2902656,32537,3639119,19371446
2026-07-14T22:02:58Z,2902665,32537,3639842,19374359
2026-07-14T23:56:20Z,2902679,32537,3640726,19377795
2026-07-15T03:19:12Z,2902694,32537,3642372,19384882
2026-07-15T06:19:55Z,2902721,32537,3643718,19390782
2026-07-15T09:12:18Z,2902744,32538,3645099,19397286
2026-07-15T11:38:58Z,2902757,32539,3645964,19401625
2026-07-15T13:53:48Z,2902775,32539,3647097,19406816
2026-07-15T15:37:45Z,2902790,32539,3647754,19409847
2026-07-15T17:22:25Z,2902807,32539,3648675,19414115
2026-07-15T19:19:51Z,2902822,32539,3649511,19417892
2026-07-15T21:05:21Z,2902832,32539,3650188,19420724
2026-07-15T23:01:38Z,2902842,32539,3651052,19424645
2026-07-16T03:14:58Z,2902863,32539,3653020,19433943
2026-07-16T06:23:33Z,2902882,32539,3654183,19439723
2026-07-16T09:18:36Z,2902902,32539,3655359,19445760
2026-07-16T11:44:10Z,2902919,32540,3656423,19450951
2026-07-16T14:06:18Z,2902932,32540,3657305,19455077
2026-07-16T16:21:09Z,2902950,32540,3658381,19459665
2026-07-16T18:10:06Z,2902968,32540,3659325,19463660
2026-07-16T20:04:49Z,2902985,32541,3659977,19466583
2026-07-16T22:06:59Z,2903004,32541,3660831,19470441
2026-07-17T00:02:27Z,2903019,32541,3661814,19474614
2026-07-17T04:11:25Z,2903054,32544,3663878,19484479
2026-07-17T07:21:03Z,2903081,32544,3665108,19490260
2026-07-17T10:03:41Z,2903095,32544,3666106,19495136
2026-07-17T12:13:52Z,2903109,32544,3667084,19499955
2026-07-17T14:47:04Z,2903138,32544,3668164,19504828
2026-07-17T16:19:04Z,2903143,32544,3668801,19507629
2026-07-17T18:09:46Z,2903156,32544,3669397,19510483
2026-07-17T20:09:29Z,2903167,32544,3670255,19514436
2026-07-17T21:58:08Z,2903182,32545,3671074,19518328
2026-07-17T22:58:13Z,2903190,32546,3671469,19520365
2026-07-18T00:00:06Z,2903201,32546,3671859,19522262
2026-07-18T03:23:22Z,2903215,32546,3673289,19529739
2026-07-18T06:09:32Z,2903236,32546,3674235,19534716
2026-07-18T08:51:29Z,2903249,32547,3675387,19541138
2026-07-18T10:22:25Z,2903263,32547,3675943,19544267
2026-07-18T11:56:16Z,2903270,32547,3676522,19547350
2026-07-18T13:39:31Z,2903279,32547,3677130,19550580
2026-07-18T14:59:31Z,2903286,32547,3677700,19553684
2026-07-18T16:04:42Z,2903291,32547,3678083,19555800
2026-07-18T17:58:48Z,2903304,32547,3678904,19559976
2026-07-18T19:17:42Z,2903315,32547,3679510,19563107
2026-07-18T20:56:34Z,2903326,32548,3680072,19565980
2026-07-18T21:56:55Z,2903330,32548,3680467,19567795
2026-07-18T22:58:10Z,2903336,32548,3680805,19569806
2026-07-19T00:01:24Z,2903343,32548,3681150,19571656
2026-07-19T04:24:29Z,2903374,32548,3682817,19581647
2026-07-19T07:29:47Z,2903409,32548,3683868,19587558
2026-07-19T09:56:11Z,2903429,32549,3684747,19592713
2026-07-19T11:15:41Z,2903432,32552,3685271,19595750
2026-07-19T13:36:29Z,2903438,32552,3685993,19599918
2026-07-19T15:01:33Z,2903445,32553,3686515,19602841
2026-07-19T17:03:37Z,2903460,32553,3687256,19606694
2026-07-19T19:13:30Z,2903479,32554,3688220,19611214
2026-07-19T20:57:13Z,2903495,32554,3688739,19614019
2026-07-19T22:00:13Z,2903501,32555,3689127,19615949
2026-07-20T00:01:11Z,2903510,32555,3689847,19619413
2026-07-20T04:38:48Z,2903526,32555,3691193,19627703
2026-07-20T08:10:03Z,2903551,32555,3692555,19634188
2026-07-20T11:49:42Z,2903568,32556,3694065,19641555
2026-07-20T14:19:41Z,2903585,32559,3695039,19646482
2026-07-20T16:35:09Z,2903592,32559,3695887,19650710
2026-07-20T18:56:16Z,2903609,32559,3697085,19656262
2026-07-20T20:25:44Z,2903619,32559,3697827,19659571
2026-07-20T22:04:41Z,2903628,32559,3698540,19663027
2026-07-21T00:01:05Z,2903642,32559,3699491,19667277
2026-07-21T04:17:47Z,2903665,32559,3701769,19677741
2026-07-21T07:35:04Z,2903678,32560,3703112,19683971
2026-07-21T10:28:46Z,2903691,32560,3704481,19689925
2026-07-21T12:25:21Z,2903701,32560,3705389,19693742
2026-07-21T15:07:01Z,2903854,32562,3706569,19698715
2026-07-21T17:26:27Z,2903864,32562,3707662,19704333
2026-07-21T19:39:10Z,2903876,32562,3708586,19708485
2026-07-21T21:15:57Z,2903888,32562,3709486,19712592
2026-07-21T23:01:36Z,2903900,32563,3710161,19715662
2026-07-22T03:18:44Z,2903938,32566,3712313,19725517
2026-07-22T06:34:17Z,2903956,32566,3713659,19731702
2026-07-22T09:30:11Z,2903974,32567,3715061,19737780
2026-07-22T11:51:32Z,2903995,32568,3716213,19742854
2026-07-22T14:08:19Z,2904006,32568,3717156,19747199
2026-07-22T16:23:26Z,2904028,32568,3717880,19753074
2026-07-22T18:12:15Z,2904042,32820,3718528,19756234
2026-07-22T20:14:32Z,2904065,32861,3719761,19761502
2026-07-22T22:08:45Z,2904079,32861,3720445,19764784
2026-07-23T00:04:35Z,2904095,32861,3721396,19768957
2026-07-23T04:18:53Z,2904131,32861,3723601,19779767
2026-07-23T07:36:15Z,2904155,32862,3724943,19786061
2026-07-23T10:28:25Z,2904185,32863,3726328,19792778
2026-07-23T12:26:23Z,2904200,32864,3727206,19796913
2026-07-23T15:13:41Z,2904219,32865,3728340,19802141
2026-07-23T17:35:36Z,2904243,32865,3729445,19807943
2026-07-23T19:26:13Z,2904267,32865,3730331,19812136
2026-07-23T21:10:19Z,2904283,32866,3730991,19815431
2026-07-23T23:01:37Z,2904309,32868,3731950,19819838
2026-07-24T03:19:38Z,2904341,32869,3734123,19830289
2026-07-24T06:30:29Z,2904365,32870,3735476,19836572
2026-07-24T09:24:14Z,2904393,32870,3736701,19842421
2026-07-24T11:45:12Z,2904419,32870,3737508,19846274
2026-07-24T13:56:37Z,2904439,32872,3738636,19851397
2026-07-24T15:35:50Z,2904457,32872,3739362,19854463
2026-07-24T17:42:05Z,2904487,32873,3740229,19858295
2026-07-24T19:37:18Z,2904509,32873,3741133,19862081
2026-07-24T21:10:22Z,2904529,32873,3741738,19864793
2026-07-24T23:06:00Z,2904550,32873,3742601,19868731
2026-07-25T03:18:14Z,2904587,32874,3744722,19877970
2026-07-25T06:22:25Z,2904615,32874,3746015,19883809
2026-07-25T09:03:11Z,2904647,32875,3747061,19888813
2026-07-25T11:15:59Z,2904656,32876,3747877,19892747
2026-07-25T13:47:13Z,2904669,32876,3748964,19897430
2026-07-25T15:08:18Z,2904684,32876,3749587,19899672
2026-07-25T17:05:13Z,2904696,32877,3750460,19903560
2026-07-25T19:16:14Z,2904713,32879,3751286,19907317
2026-07-25T20:58:29Z,2904717,32879,3751998,19910905
2026-07-25T22:02:15Z,2904723,32879,3752383,19912794
2026-07-26T00:04:06Z,2904736,32880,3753203,19916321
2026-07-26T04:30:06Z,2904754,32881,3755220,19926081
2026-07-26T07:38:31Z,2904772,32881,3756386,19931446
2026-07-26T10:05:11Z,2904784,32881,3757302,19935988
2026-07-26T12:08:01Z,2904793,32881,3758049,19939732
2026-07-26T14:39:47Z,2904808,32881,3759046,19944563
2026-07-26T16:05:36Z,2904812,32881,3759610,19947561
2026-07-26T18:04:02Z,2904820,32881,3760346,19951285
2026-07-26T20:13:27Z,2904836,32881,3761138,19954979
2026-07-26T22:03:05Z,2904852,32881,3761922,19958750
2026-07-27T00:05:03Z,2904865,32882,3762681,19962323
2026-07-27T04:40:44Z,2904875,32883,3764546,19971312
2026-07-27T08:35:47Z,2904903,32885,3766216,19979221
2026-07-27T12:29:33Z,2904927,32887,3767908,19986992
2026-07-27T15:46:09Z,2904948,32888,3769177,19993034
2026-07-27T17:46:47Z,2904966,32888,3770001,19997113
2026-07-27T19:42:35Z,2904977,32889,3770879,20000886
2026-07-27T21:16:22Z,2904990,32889,3771447,20003714
2026-07-27T23:08:58Z,2905000,32895,3772253,20007498
2026-07-28T02:56:19Z,2905017,32895,3774061,20015917
2026-07-28T05:53:51Z,2905041,32897,3775279,20021572
2026-07-28T08:43:58Z,2905051,32897,3776223,20026421
2026-07-28T11:22:55Z,2905071,32921,3777399,20032116
2026-07-28T14:22:52Z,2905084,32921,3778667,20037572
2026-07-28T16:44:21Z,2905101,32921,3779511,20041309
2026-07-28T18:18:40Z,2905111,32921,3780119,20044124
2026-07-28T20:19:37Z,2905131,32922,3780908,20047474
2026-07-28T22:09:55Z,2905142,32922,3781693,20051045
2026-07-29T00:02:06Z,2905150,32922,3782451,20054614
2026-07-29T04:16:14Z,2905203,32924,3784183,20062875
2026-07-29T07:47:00Z,2905241,32924,3785583,20069416
2026-07-29T10:44:10Z,2905252,32925,3786717,20074809
2026-07-29T13:04:10Z,2905263,32926,3787635,20079038
2026-07-29T15:52:03Z,2905270,32926,3788652,20083575
2026-07-29T17:20:07Z,2905278,32926,3789190,20086283
2026-07-29T19:25:01Z,2905291,32927,3790055,20090444
2026-07-29T21:01:58Z,2905297,32927,3790565,20092794
2026-07-29T23:01:58Z,2905308,32927,3791258,20096118
2026-07-30T02:48:11Z,2905327,32928,3792715,20103482
2026-07-30T05:46:58Z,2905335,32928,3793862,20109344
2026-07-30T08:36:25Z,2905357,32928,3794861,20114924
2026-07-30T11:11:58Z,2905366,32928,3795640,20119249
2026-07-30T14:16:54Z,2905382,32928,3796755,20124901
2026-07-30T16:39:28Z,2905388,32929,3797763,20129594
2026-07-30T18:20:27Z,2905389,32929,3798269,20131992
2026-07-30T20:17:35Z,2905404,32929,3799025,20135202
2026-07-30T22:10:47Z,2905418,32929,3799742,20138669
2026-07-31T00:07:39Z,2905426,32931,3800470,20141971
2026-07-31T04:26:40Z,2905444,32932,3802208,20150192
2026-07-31T07:53:58Z,2905460,32932,3803359,20155943
2026-07-31T10:44:49Z,2905476,32932,3804254,20160354
2026-07-31T12:59:47Z,2905489,32932,3805052,20164219
2026-07-31T15:26:02Z,2905503,32933,3806011,20168298
2026-07-31T17:44:34Z,2905514,32933,3806821,20171453
2026-07-31T19:42:23Z,2905522,32934,3807556,20174583
2026-07-31T21:12:04Z,2905529,32934,3808186,20177081
2026-07-31T23:07:29Z,2905540,32934,3809007,20180441
2026-08-01T03:31:43Z,2905565,32935,3810766,20189045
2026-08-01T06:34:19Z,2905569,32935,3811825,20194388
2026-08-01T09:09:52Z,2905579,32935,3812676,20198894
2026-08-01T11:21:21Z,2905584,32935,3813406,20202634
2026-08-01T13:40:07Z,2905593,32936,3814335,20207354
2026-08-01T15:05:00Z,2905601,32936,3814881,20209970
2026-08-01T17:06:11Z,2905608,32938,3815676,20213890
2026-08-01T19:17:11Z,2905624,32938,3816470,20217693
2026-08-01T20:59:58Z,2905632,32938,3817302,20221076
2026-08-01T22:05:34Z,2905638,32938,3817730,20222864
2026-08-02T00:01:35Z,2905646,32938,3818544,20226472
2026-08-02T04:26:29Z,2905668,32938,3820640,20236103
2026-08-02T07:34:04Z,2905683,32938,3821947,20241487
2026-08-02T10:01:45Z,2905693,32938,3823031,20246196
2026-08-02T12:06:30Z,2905700,32940,3823899,20249785
2026-08-02T14:38:20Z,2905704,32940,3824934,20254634
2026-08-02T16:04:07Z,2905711,32940,3825539,20257278
2026-08-02T18:02:47Z,2905722,32940,3826333,20260995
2026-08-02T20:12:41Z,2905732,32942,3827115,20264476
2026-08-02T21:59:32Z,2905744,32943,3827883,20268194
2026-08-02T23:03:51Z,2905747,32943,3828242,20270075
2026-08-03T03:32:19Z,2905772,32944,3830105,20278752
2026-08-03T07:33:43Z,2905785,32944,3831787,20286241
2026-08-03T11:32:15Z,2905824,32945,3833540,20293937
2026-08-03T14:51:36Z,2905847,32945,3834891,20300033
2026-08-03T17:12:01Z,2905858,32945,3835968,20305041
2026-08-03T19:44:23Z,2905874,32945,3836962,20309576
2026-08-03T21:09:52Z,2905878,32945,3837542,20312342
2026-08-03T23:08:01Z,2905883,32945,3838318,20316052
2026-08-04T03:15:03Z,2905893,32945,3840072,20324422
2026-08-04T06:31:52Z,2905913,32946,3841486,20331844
2026-08-04T09:40:55Z,2905932,32946,3842764,20337243
2026-08-04T12:04:19Z,2905947,32946,3843830,20342620
2026-08-04T15:26:51Z,2905961,32947,3845140,20348774
2026-08-04T17:53:24Z,2905975,32947,3846224,20354456
2026-08-04T19:43:36Z,2905987,32947,3847032,20358455
2026-08-04T21:17:02Z,2905995,32947,3847605,20361385
2026-08-04T23:06:58Z,2906010,32947,3848400,20365698
2026-08-05T02:55:43Z,2906029,32947,3849927,20373832
2026-08-05T05:51:16Z,2906045,32947,3851111,20380138
2026-08-05T08:43:57Z,2906062,32948,3852363,20386524
2026-08-05T11:24:25Z,2906069,32997,3853324,20391160
2026-08-05T14:21:11Z,2906083,32997,3854527,20397029
2026-08-05T16:44:51Z,2906095,32999,3855520,20401995
2026-08-05T18:25:07Z,2906102,32999,3856097,20404739
2026-08-05T20:34:44Z,2906109,32999,3857085,20409594
2026-08-05T22:15:22Z,2906114,32999,3857633,20412448
2026-08-06T00:03:19Z,2906129,32999,3858394,20416109
2026-08-06T04:17:16Z,2906156,33000,3860163,20424938
2026-08-06T07:43:11Z,2906171,33000,3861597,20431903
2026-08-06T10:44:19Z,2906197,33000,3862872,20437895
2026-08-06T12:59:19Z,2906206,33000,3863697,20441868
2026-08-06T15:23:00Z,2906222,33000,3864728,20446549
2026-08-07T00:06:42Z,2906263,33000,3868285,20462957
2026-08-07T03:52:43Z,2906289,33000,3869703,20470022
2026-08-07T05:44:11Z,2906300,33000,3870490,20473785
2026-08-07T07:24:12Z,2906308,33000,3871082,20476593
2026-08-07T09:04:52Z,2906327,33000,3871896,20480599
2026-08-07T10:57:16Z,2906336,33000,3872486,20483595
2026-08-07T11:51:08Z,2906341,33000,3872857,20485477
2026-08-07T13:15:28Z,2906350,33000,3873430,20487990
2026-08-07T14:57:33Z,2906359,33000,3874042,20490912
2026-08-07T16:02:05Z,2906367,33000,3874459,20492823
2026-08-07T17:51:37Z,2906384,33000,3875270,20496737
2026-08-07T19:04:04Z,2906389,33000,3875698,20498716
2026-08-07T20:47:52Z,2906401,33000,3876482,20502304
2026-08-07T21:44:28Z,2906407,33000,3876837,20503919
2026-08-07T22:42:06Z,2906413,33000,3877209,20505724
2026-08-07T23:37:47Z,2906424,33001,3877545,20507252
2026-08-08T01:59:39Z,2906436,33001,3878346,20511261
2026-08-08T03:40:18Z,2906447,33002,3879079,20515060
2026-08-08T07:01:29Z,2906462,33004,3880133,20520848
2026-08-08T08:48:58Z,2906493,33004,3880877,20524675
2026-08-08T09:43:04Z,2906498,33004,3881239,20526461
2026-08-08T10:38:25Z,2906500,33004,3881581,20528360
2026-08-08T11:33:13Z,2906502,33004,3881712,20529211
2026-08-08T12:58:53Z,2906509,33004,3882309,20532193
2026-08-08T13:51:28Z,2906515,33004,3882681,20534174
2026-08-08T14:36:20Z,2906519,33004,3882831,20535005
2026-08-08T15:34:50Z,2906527,33004,3883216,20537037
2026-08-08T16:39:22Z,2906537,33004,3883781,20540176
2026-08-08T17:35:31Z,2906538,33004,3883962,20541163
2026-08-08T18:45:06Z,2906548,33006,3884518,20544368
2026-08-08T19:34:03Z,2906552,33006,3884673,20545360
2026-08-08T20:36:09Z,2906555,33006,3885022,20547448
2026-08-08T21:35:18Z,2906560,33006,3885345,20549490
2026-08-08T22:34:36Z,2906564,33006,3885680,20551551
2026-08-08T23:33:39Z,2906566,33006,3886005,20553655
2026-08-09T02:07:04Z,2906579,33006,3886946,20559242
2026-08-09T04:21:14Z,2906586,33006,3887817,20564342
2026-08-09T05:49:44Z,2906589,33006,3888379,20567268
2026-08-09T07:03:51Z,2906595,33006,3888733,20569256
2026-08-09T08:50:33Z,2906601,33006,3889426,20573056
2026-08-09T09:45:33Z,2906604,33006,3889779,20574789
2026-08-09T10:39:45Z,2906616,33007,3890121,20576598
2026-08-09T11:34:10Z,2906617,33007,3890275,20577460
2026-08-09T13:02:09Z,2906623,33007,3890865,20580434
2026-08-09T14:39:40Z,2906632,33007,3891566,20584296
2026-08-09T15:36:37Z,2906635,33008,3891737,20585117
2026-08-09T16:41:10Z,2906645,33009,3892285,20587894
2026-08-09T17:35:45Z,2906651,33009,3892466,20588760
2026-08-09T18:49:11Z,2906665,33009,3893058,20591624
2026-08-09T19:37:33Z,2906667,33009,3893189,20592106
2026-08-09T20:38:49Z,2906674,33009,3893520,20593762
2026-08-09T21:37:36Z,2906683,33011,3893863,20595643
2026-08-09T22:36:33Z,2906688,33012,3894218,20597491
2026-08-09T23:36:24Z,2906695,33012,3894568,20599346
2026-08-10T02:11:51Z,2906717,33012,3895694,20605461
2026-08-10T04:42:27Z,2906743,33012,3896712,20610721
2026-08-10T06:13:38Z,2906764,33012,3897244,20613522
2026-08-10T08:42:53Z,2906788,33013,3898097,20618174
2026-08-10T10:21:48Z,2906793,33014,3898624,20620896
2026-08-10T11:51:38Z,2906799,33014,3899151,20623580
2026-08-10T13:20:23Z,2906808,33014,3899683,20626445
2026-08-10T15:03:50Z,2906818,33014,3900193,20629089
2026-08-10T16:58:14Z,2906834,33015,3900877,20632798
2026-08-10T17:56:01Z,2906842,33015,3901237,20634494
2026-08-10T19:06:51Z,2906853,33016,3901601,20636338
2026-08-10T20:49:43Z,2906871,33018,3902274,20639953
2026-08-10T21:48:08Z,2906882,33018,3902611,20641692
2026-08-10T22:43:11Z,2906886,33018,3902945,20643491
2026-08-10T23:39:43Z,2906889,33019,3903106,20644473
2026-08-11T02:06:18Z,2906903,33019,3903944,20649572
2026-08-11T04:23:38Z,2906925,33019,3904834,20654548
2026-08-11T05:55:25Z,2906936,33019,3905364,20657303
2026-08-11T07:17:29Z,2906948,33019,3905912,20660058
2026-08-11T09:04:12Z,2906960,33020,3906414,20662956
2026-08-11T10:54:32Z,2906973,33020,3907117,20666414
2026-08-11T11:48:20Z,2906981,33020,3907444,20668223
2026-08-11T13:17:25Z,2906994,33020,3908021,20671185
2026-08-11T15:02:41Z,2907011,33020,3908552,20673896
2026-08-11T17:01:53Z,2907021,33022,3909293,20677760
2026-08-11T19:08:54Z,2907046,33022,3910010,20681478
2026-08-11T20:52:41Z,2907065,33023,3910689,20684895
2026-08-11T21:54:07Z,2907073,33023,3911041,20686654
2026-08-11T22:50:16Z,2907083,33023,3911387,20688441
2026-08-11T23:48:23Z,2907094,33023,3911719,20690097
2026-08-12T02:23:59Z,2907109,33023,3912695,20695156
2026-08-12T04:51:18Z,2907131,33024,3913682,20699542
2026-08-12T06:18:08Z,2907148,33025,3914197,20702202
2026-08-12T08:22:01Z,2907171,33025,3914942,20705767
2026-08-12T10:11:55Z,2907182,33026,3915475,20708380
2026-08-12T11:51:25Z,2907195,33027,3916172,20711573
2026-08-12T13:21:16Z,2907204,33028,3916733,20714436
2026-08-12T15:02:17Z,2907212,33029,3917307,20717120
2026-08-12T17:02:10Z,2907231,33029,3918095,20720742
2026-08-12T19:08:04Z,2907242,33029,3918838,20724444
2026-08-12T20:51:48Z,2907254,33029,3919431,20727876
2026-08-12T21:52:12Z,2907266,33029,3919744,20729616
2026-08-12T22:48:05Z,2907276,33029,3920051,20731380
2026-08-12T23:48:24Z,2907279,33029,3920344,20733023
2026-08-13T02:25:41Z,2907288,33029,3921250,20738154
2026-08-13T04:55:54Z,2907299,33030,3922086,20742964
2026-08-13T06:21:01Z,2907312,33031,3922525,20745684
2026-08-13T08:24:34Z,2907332,33031,3923159,20749199
2026-08-13T10:12:57Z,2907339,33031,3923682,20751961
2026-08-13T11:52:00Z,2907352,33031,3924358,20755868
2026-08-13T13:23:10Z,2907357,33031,3924927,20758808
2026-08-13T15:02:21Z,2907362,33031,3925423,20761437
2026-08-13T17:00:34Z,2907385,33031,3926232,20765230
2026-08-13T19:08:22Z,2907401,33031,3927096,20768909
2026-08-13T20:49:39Z,2907415,33031,3927877,20772477
2026-08-13T21:51:48Z,2907425,33031,3928236,20774320
2026-08-13T22:49:41Z,2907430,33031,3928580,20776068
2026-08-13T23:48:17Z,2907442,33031,3928918,20777810
2026-08-14T02:23:59Z,2907470,33031,3929929,20783084
2026-08-14T04:52:28Z,2907490,33032,3930927,20787799
2026-08-14T06:17:54Z,2907503,33032,3931473,20790607
2026-08-14T08:19:49Z,2907516,33032,3932124,20792251
2026-08-14T10:08:51Z,2907523,33032,3932630,20794867
2026-08-14T11:48:43Z,2907548,33033,3933289,20798402
2026-08-14T13:17:28Z,2907554,33033,3933647,20800245
2026-08-14T14:56:12Z,2907567,33033,3934358,20803943
2026-08-14T15:57:46Z,2907573,33033,3934724,20805857
2026-08-14T17:01:41Z,2907578,33034,3935090,20807834
2026-08-14T19:00:42Z,2907600,33034,3935802,20811602
2026-08-14T20:35:22Z,2907610,33034,3936357,20814357
2026-08-14T21:29:11Z,2907615,33034,3936674,20816308
2026-08-14T22:28:49Z,2907623,33035,3937020,20818297
2026-08-14T23:25:59Z,2907627,33035,3937384,20820160
2026-08-15T01:35:20Z,2907638,33035,3938115,20824300
2026-08-15T02:56:07Z,2907643,33036,3938635,20827104
2026-08-15T03:46:14Z,2907645,33036,3938782,20828042
2026-08-15T04:36:31Z,2907650,33036,3939111,20830010
2026-08-15T05:29:36Z,2907654,33050,3939401,20831797
2026-08-15T06:46:57Z,2907665,33058,3939699,20833560
2026-08-15T07:34:48Z,2907669,33058,3940017,20835450
2026-08-15T08:34:55Z,2907674,33058,3940324,20837250
2026-08-15T09:30:14Z,2907678,33058,3940610,20838925
2026-08-15T10:27:31Z,2907683,33058,3940918,20840691
2026-08-15T11:24:39Z,2907692,33058,3941252,20842542
2026-08-15T12:47:49Z,2907697,33059,3941547,20844234
2026-08-15T13:34:00Z,2907701,33059,3941881,20846100
2026-08-15T14:28:14Z,2907706,33060,3942176,20847827
2026-08-15T15:25:47Z,2907714,33060,3942511,20849567
2026-08-15T16:30:33Z,2907719,33060,3942830,20851319
2026-08-15T17:24:37Z,2907724,33060,3943134,20853011
2026-08-15T18:36:15Z,2907727,33061,3943451,20854670
2026-08-15T19:24:58Z,2907736,33061,3943773,20856328
2026-08-15T20:27:43Z,2907742,33061,3944072,20858010
2026-08-15T21:25:35Z,2907749,33061,3944294,20859640
2026-08-15T22:27:21Z,2907759,33061,3944568,20861347
2026-08-15T23:25:06Z,2907770,33061,3944846,20862987
2026-08-16T01:42:08Z,2907786,33062,3945506,20866888
2026-08-16T03:04:39Z,2907795,33063,3945949,20869670
2026-08-16T04:40:19Z,2907808,33063,3946423,20872386
2026-08-16T05:32:27Z,2907817,33063,3946725,20874164
2026-08-16T06:48:39Z,2907820,33063,3947004,20875746
2026-08-16T07:35:14Z,2907825,33063,3947321,20877563
2026-08-16T08:35:06Z,2907834,33063,3947593,20879315
2026-08-16T09:31:57Z,2907839,33064,3947872,20881070
2026-08-16T10:27:52Z,2907844,33065,3948173,20882799
2026-08-16T11:24:28Z,2907849,33065,3948456,20884476
2026-08-16T12:49:20Z,2907854,33065,3948754,20886083
2026-08-16T13:34:45Z,2907865,33065,3949059,20887762
2026-08-16T14:27:44Z,2907873,33065,3949356,20889302
2026-08-16T15:26:08Z,2907877,33065,3949666,20891038
2026-08-16T16:31:05Z,2907885,33065,3949987,20892867
2026-08-16T17:23:39Z,2907899,33065,3950271,20894500
2026-08-16T18:35:13Z,2907904,33067,3950585,20896112
2026-08-16T19:24:25Z,2907909,33067,3950891,20897740
2026-08-16T20:28:29Z,2907918,33068,3951194,20899506
2026-08-16T21:24:53Z,2907923,33068,3951490,20901203
2026-08-16T22:26:23Z,2907937,33068,3951748,20902959
2026-08-16T23:24:56Z,2907941,33068,3952053,20904686
2026-08-17T01:40:06Z,2907955,33068,3952786,20908703
2026-08-17T03:04:32Z,2907962,33068,3953258,20911452
2026-08-17T04:48:58Z,2907966,33068,3953775,20914279
2026-08-17T05:38:22Z,2907972,33068,3954080,20916046
2026-08-17T07:04:58Z,2907981,33068,3954533,20918604
2026-08-17T08:50:00Z,2907986,33068,3954991,20921328
2026-08-17T09:48:34Z,2907992,33068,3955283,20923081
2026-08-17T10:36:29Z,2907999,33068,3955605,20924818
2026-08-17T11:30:35Z,2908004,33068,3955892,20926574
2026-08-17T12:53:52Z,2908015,33068,3956363,20929163
2026-08-17T13:42:20Z,2908018,33068,3956544,20930106
2026-08-17T14:33:07Z,2908024,33068,3956877,20931900
2026-08-17T15:29:42Z,2908032,33068,3957243,20933717
2026-08-17T16:33:12Z,2908042,33068,3957631,20935508
2026-08-17T17:30:46Z,2908049,33068,3957943,20937215
2026-08-17T18:47:03Z,2908058,33068,3958269,20938932
2026-08-17T19:32:03Z,2908065,33068,3958586,20940578
2026-08-17T20:31:53Z,2908071,33068,3958889,20942286
2026-08-17T21:29:55Z,2908076,33068,3959159,20943985
2026-08-17T22:29:18Z,2908084,33068,3959460,20945720
2026-08-17T23:27:13Z,2908090,33068,3959766,20947541
2026-08-18T01:35:34Z,2908098,33068,3960467,20951353
2026-08-18T03:00:01Z,2908114,33068,3960941,20954116
2026-08-18T03:52:58Z,2908118,33068,3961279,20956038
2026-08-18T04:40:18Z,2908124,33069,3961489,20957115
2026-08-18T05:33:59Z,2908130,33069,3961850,20959021
2026-08-18T06:52:20Z,2908136,33070,3962142,20960821
2026-08-18T07:42:09Z,2908146,33071,3962487,20962765
2026-08-18T08:42:49Z,2908150,33071,3962768,20964641
2026-08-18T09:38:16Z,2908156,33071,3963078,20966480
2026-08-18T10:33:51Z,2908165,33071,3963369,20968278
2026-08-18T11:29:32Z,2908168,33071,3963645,20969966
2026-08-18T12:55:17Z,2908172,33071,3964077,20972654
2026-08-18T13:46:36Z,2908179,33072,3964256,20973679
2026-08-18T14:37:54Z,2908185,33073,3964580,20975409
2026-08-18T15:36:10Z,2908191,33073,3964897,20977239
2026-08-18T16:36:49Z,2908194,33073,3965283,20979036
2026-08-18T17:31:48Z,2908198,33073,3965648,20980806
2026-08-18T18:45:29Z,2908204,33073,3965964,20982418
2026-08-18T19:30:54Z,2908211,33073,3966315,20984103
2026-08-18T20:29:35Z,2908224,33073,3966665,20985682
2026-08-18T21:28:53Z,2908227,33073,3966976,20987226
2026-08-18T22:28:54Z,2908237,33073,3967292,20988887
2026-08-18T23:26:29Z,2908243,33073,3967606,20990458
2026-08-19T01:37:15Z,2908257,33073,3968312,20994285
2026-08-19T03:02:15Z,2908265,33074,3968775,20996897
2026-08-19T04:41:25Z,2908276,33075,3969231,20999520
2026-08-19T05:35:14Z,2908282,33075,3969525,21001246
2026-08-19T06:52:30Z,2908283,33077,3969804,21002870
2026-08-19T07:42:33Z,2908286,33077,3970116,21004741
2026-08-19T08:43:15Z,2908286,33083,3970434,21006570
2026-08-19T09:38:29Z,2908291,33083,3970772,21008241
2026-08-19T10:33:40Z,2908296,33083,3971080,21009794
2026-08-19T11:29:37Z,2908305,33085,3971394,21011364
2026-08-19T12:56:28Z,2908314,33086,3971869,21013819
2026-08-19T13:49:52Z,2908324,33086,3972061,21014703
2026-08-19T14:38:29Z,2908330,33086,3972388,21016239
2026-08-19T15:35:50Z,2908341,33087,3972689,21017820
2026-08-19T16:36:26Z,2908347,33088,3973037,21019437
2026-08-19T17:30:33Z,2908359,33088,3973378,21020944
2026-08-19T18:41:23Z,2908367,33088,3973668,21022432
2026-08-19T19:29:58Z,2908379,33089,3974041,21023972
2026-08-19T20:33:59Z,2908383,33089,3974371,21025489
2026-08-19T21:29:47Z,2908388,33089,3974687,21027067
2026-08-19T22:29:20Z,2908395,33089,3974991,21028621
2026-08-19T23:27:01Z,2908399,33089,3975323,21030225
2026-08-20T01:36:11Z,2908408,33089,3976037,21033973
2026-08-20T03:01:33Z,2908423,33089,3976543,21036555
2026-08-20T04:41:29Z,2908431,33089,3977066,21039326
2026-08-20T05:35:18Z,2908436,33089,3977475,21041132
2026-08-20T06:53:59Z,2908442,33089,3977841,21042920
2026-08-20T07:46:00Z,2908445,33089,3978246,21044552
2026-08-20T08:45:51Z,2908449,33089,3978619,21046386
2026-08-20T09:39:31Z,2908454,33089,3978986,21048104
2026-08-20T10:35:41Z,2908458,33089,3979349,21049822
2026-08-20T11:31:26Z,2908460,33089,3979677,21051517
2026-08-20T12:58:27Z,2908468,33090,3980181,21054196
2026-08-20T13:52:39Z,2908471,33090,3980386,21055090
2026-08-20T14:40:52Z,2908476,33090,3980732,21056783
2026-08-20T15:38:13Z,2908483,33091,3981075,21058417
2026-08-20T16:39:38Z,2908488,33091,3981434,21060179
2026-08-20T17:34:35Z,2908490,33091,3981783,21061764
2026-08-20T18:47:47Z,2908497,33091,3982121,21063319
2026-08-20T19:35:06Z,2908506,33091,3982459,21064793
2026-08-20T20:33:50Z,2908518,33092,3982759,21066327
2026-08-20T21:32:31Z,2908527,33092,3983066,21067964
2026-08-20T22:32:19Z,2908530,33092,3983374,21069585
2026-08-20T23:30:23Z,2908546,33092,3983696,21071088
2026-08-21T01:41:21Z,2908558,33092,3984419,21074619
2026-08-21T03:07:57Z,2908567,33092,3984872,21077063
2026-08-21T04:43:55Z,2908575,33092,3985381,21079676
2026-08-21T05:36:50Z,2908577,33092,3985715,21081300
2026-08-21T06:55:05Z,2908579,33092,3986027,21082730
2026-08-21T07:47:49Z,2908582,33092,3986367,21084288
2026-08-21T08:47:55Z,2908586,33092,3986728,21085840
2026-08-21T09:41:33Z,2908589,33092,3987078,21087473
2026-08-21T10:34:56Z,2908595,33092,3987396,21089184
2026-08-21T11:30:49Z,2908599,33092,3987737,21090806
2026-08-21T12:57:34Z,2908608,33092,3988186,21093073
2026-08-21T13:51:18Z,2908610,33092,3988372,21093911
2026-08-21T14:39:55Z,2908628,33094,3988683,21095420
2026-08-21T15:38:09Z,2908645,33094,3989016,21097180
2026-08-21T16:39:49Z,2908650,33094,3989358,21098743
2026-08-21T17:33:31Z,2908659,33094,3989660,21100195
2026-08-21T18:43:33Z,2908663,33094,3989962,21101500
2026-08-21T19:28:58Z,2908670,33094,3990283,21102723
2026-08-21T20:30:43Z,2908676,33094,3990600,21104023
2026-08-21T21:29:07Z,2908683,33094,3990893,21105262
2026-08-21T22:29:41Z,2908686,33095,3991186,21106559
2026-08-21T23:28:30Z,2908689,33095,3991479,21107691
2026-08-22T01:34:48Z,2908703,33095,3992068,21110436
2026-08-22T02:58:33Z,2908717,33095,3992502,21112352
2026-08-22T03:49:10Z,2908718,33096,3992625,21112984
2026-08-22T04:38:16Z,2908722,33096,3992895,21114401
2026-08-22T05:32:01Z,2908723,33096,3993185,21115668
2026-08-22T06:48:50Z,2908726,33096,3993482,21116884
2026-08-22T07:35:40Z,2908733,33096,3993770,21118175
2026-08-22T08:35:49Z,2908738,33096,3994061,21119454
2026-08-22T09:31:29Z,2908743,33096,3994344,21120622
2026-08-22T10:28:36Z,2908753,33096,3994601,21121934
2026-08-22T11:25:03Z,2908753,33096,3994726,21122560
2026-08-22T12:49:16Z,2908757,33096,3995130,21124430
2026-08-22T13:35:27Z,2908760,33096,3995410,21125743
2026-08-22T14:26:23Z,2908761,33096,3995528,21126270
2026-08-22T15:26:15Z,2908768,33097,3995819,21127567
2026-08-22T16:30:00Z,2908778,33097,3996252,21129582
2026-08-22T17:25:15Z,2908781,33097,3996357,21130100
2026-08-22T18:37:05Z,2908797,33098,3996838,21131811
2026-08-22T19:26:07Z,2908798,33098,3996999,21132493
2026-08-22T20:28:31Z,2908812,33098,3997534,21134745
2026-08-22T21:26:22Z,2908813,33098,3997703,21135407
2026-08-22T22:26:57Z,2908824,33098,3998222,21137335
2026-08-22T23:25:29Z,2908829,33098,3998364,21137905
2026-08-23T01:44:17Z,2908843,33099,3999204,21142304
2026-08-23T03:07:37Z,2908847,33099,3999709,21144739
2026-08-23T04:42:19Z,2908853,33099,4000223,21147220
2026-08-23T05:33:35Z,2908860,33099,4000563,21148800
2026-08-23T06:49:57Z,2908871,33099,4000915,21150434
2026-08-23T07:37:26Z,2908877,33099,4001264,21152028
2026-08-23T08:36:11Z,2908890,33101,4001634,21153596
2026-08-23T09:32:17Z,2908891,33101,4001990,21155209
2026-08-23T10:29:03Z,2908898,33101,4002325,21156799
2026-08-23T11:25:24Z,2908904,33102,4002478,21157518
2026-08-23T12:50:23Z,2908911,33102,4003005,21160061
2026-08-23T13:35:31Z,2908913,33102,4003350,21161725
2026-08-23T14:28:17Z,2908921,33104,4003678,21163271
2026-08-23T15:27:18Z,2908926,33105,4004056,21164955
2026-08-23T16:31:25Z,2908932,33105,4004420,21166675
2026-08-23T17:24:21Z,2908934,33106,4004584,21167443
2026-08-23T18:36:29Z,2908944,33106,4005139,21169969
2026-08-23T19:25:35Z,2908950,33106,4005329,21170710
2026-08-23T20:28:51Z,2908958,33106,4005896,21173079
2026-08-23T21:26:27Z,2908963,33106,4006061,21173838
2026-08-23T22:27:23Z,2908971,33106,4006627,21176161
2026-08-23T23:25:38Z,2908976,33106,4006782,21176950
2026-08-24T01:41:53Z,2908997,33106,4007792,21181438
2026-08-24T03:08:29Z,2909006,33106,4008353,21184049
2026-08-24T04:50:58Z,2909016,33107,4008944,21186607
2026-08-24T05:41:47Z,2909025,33107,4009345,21188135
2026-08-24T07:08:12Z,2909031,33107,4009869,21190548
2026-08-24T08:54:00Z,2909040,33107,4010479,21193155
2026-08-24T09:53:38Z,2909048,33107,4010860,21194679
2026-08-24T10:41:10Z,2909056,33107,4011268,21196432
2026-08-24T11:33:33Z,2909062,33107,4011684,21197997
2026-08-24T13:00:03Z,2909069,33107,4012280,21200560
2026-08-24T14:00:01Z,2909075,33107,4012688,21202461
2026-08-24T14:51:26Z,2909081,33107,4012903,21203374
2026-08-24T15:44:01Z,2909086,33107,4013348,21205087
2026-08-24T16:43:58Z,2909094,33107,4013790,21206776
2026-08-24T17:34:43Z,2909103,33107,4014225,21208400
2026-08-24T18:48:27Z,2909105,33107,4014652,21210063
2026-08-24T19:33:27Z,2909115,33107,4015072,21211768
2026-08-24T20:35:54Z,2909125,33107,4015488,21213366
2026-08-24T21:34:20Z,2909131,33107,4015856,21214957
2026-08-24T22:31:38Z,2909139,33107,4016287,21216541
2026-08-24T23:26:08Z,2909142,33107,4016494,21217231
2026-08-25T01:37:10Z,2909153,33107,4017540,21221443
2026-08-25T03:03:19Z,2909158,33107,4018132,21223786
2026-08-25T04:43:51Z,2909168,33108,4018771,21226103
2026-08-25T05:35:59Z,2909171,33108,4019171,21227669
2026-08-25T06:56:20Z,2909173,33108,4019594,21229330
2026-08-25T07:50:06Z,2909175,33108,4020033,21230956
2026-08-25T08:49:41Z,2909178,33108,4020462,21232687
2026-08-25T09:40:22Z,2909187,33108,4020872,21234345
2026-08-25T10:37:44Z,2909197,33108,4021321,21236282
2026-08-25T11:33:00Z,2909202,33108,4021618,21237531
2026-08-25T12:56:12Z,2909205,33108,4021919,21238972
2026-08-25T13:55:00Z,2909206,33108,4022239,21240387
2026-08-25T14:51:29Z,2909211,33108,4022549,21241705
2026-08-25T15:48:45Z,2909213,33108,4022866,21243006
2026-08-25T16:42:25Z,2909220,33108,4023169,21244355
2026-08-25T17:35:27Z,2909233,33110,4023463,21245684
2026-08-25T18:46:18Z,2909241,33110,4023764,21246974
2026-08-25T19:35:29Z,2909252,33110,4024064,21248355
2026-08-25T20:34:22Z,2909264,33110,4024429,21250010
2026-08-25T21:33:08Z,2909270,33111,4024805,21251759
2026-08-25T22:32:23Z,2909273,33112,4025168,21253506
2026-08-25T23:28:51Z,2909276,33112,4025356,21254340
2026-08-26T01:42:03Z,2909284,33112,4026320,21258908
2026-08-26T03:10:28Z,2909292,33112,4026887,21261347
2026-08-26T04:45:07Z,2909297,33112,4027492,21263795
2026-08-26T05:38:22Z,2909302,33112,4027868,21265423
2026-08-26T06:57:09Z,2909305,33112,4028267,21267084
2026-08-26T07:52:29Z,2909308,33112,4028680,21268799
2026-08-26T08:50:29Z,2909313,33113,4029095,21270632
2026-08-26T09:48:40Z,2909318,33113,4029498,21272243
2026-08-26T10:39:26Z,2909320,33114,4029898,21274016
2026-08-26T11:34:17Z,2909329,33114,4030273,21275716
2026-08-26T13:02:18Z,2909338,33114,4030687,21277468
2026-08-26T14:49:17Z,2909353,33114,4031479,21281001
2026-08-26T16:21:53Z,2909358,33114,4032097,21283626
2026-08-26T19:08:26Z,2909377,33114,4033316,21288758
2026-08-26T23:11:03Z,2909406,33114,4034710,21295124
2026-08-27T08:39:30Z,2909464,33115,4038319,21311091
2026-08-27T19:43:26Z,2909533,33121,4042443,21330541
2026-08-28T04:07:46Z,2909595,33121,4045010,21339688
2026-08-28T17:14:47Z,2909686,33123,4049949,21361207
2026-08-29T01:36:57Z,2909736,33123,4053254,21376028
2026-08-29T08:50:49Z,2909781,33124,4055952,21387879
2026-08-29T14:18:18Z,2909809,33124,4057952,21397174
2026-08-29T18:15:19Z,2909838,33124,4059428,21403936
2026-08-29T21:34:45Z,2909864,33125,4060443,21408981
2026-08-29T23:59:48Z,2909874,33126,4061306,21413210
2026-08-30T05:15:18Z,2909909,33126,4063225,21422793
2026-08-30T11:40:29Z,2909950,33127,4065482,21433252
2026-08-30T16:27:23Z,2909986,33129,4067080,21440672
2026-08-30T19:41:16Z,2910018,33130,4068403,21446523
2026-08-30T22:35:11Z,2910039,33130,4069226,21450549
2026-08-31T01:16:36Z,2910057,33130,4070274,21455862
2026-08-31T08:29:01Z,2910100,33131,4072819,21467607
2026-08-31T16:56:56Z,2910175,33131,4075998,21482009
2026-08-31T21:51:56Z,2910208,33132,4077827,21490415
2026-09-01T01:08:58Z,2910218,33133,4078878,21495473
2026-09-01T07:35:41Z,2910264,33134,4081327,21506294
2026-09-01T13:21:41Z,2910290,33134,4083577,21516388
2026-09-01T17:44:45Z,2910320,33135,4085456,21524577
2026-09-01T20:52:29Z,2910348,33135,4086643,21530008
2026-09-01T23:11:40Z,2910367,33135,4087508,21533878
2026-09-02T03:57:02Z,2910393,33136,4089198,21541705
2026-09-02T08:42:13Z,2910423,33136,4090941,21549125
2026-09-02T13:28:36Z,2910461,33136,4092488,21555582
2026-09-02T17:47:30Z,2910487,33136,4093942,21561131
2026-09-02T20:51:56Z,2910509,33137,4094861,21565143
2026-09-02T23:11:29Z,2910521,33138,4095439,21567700
2026-09-03T03:56:21Z,2910560,33139,4097011,21575016
2026-09-03T08:50:38Z,2910587,33139,4098616,21581856
2026-09-03T13:27:05Z,2910617,33139,4100049,21587394
2026-09-03T17:43:51Z,2910641,33139,4101482,21592766
2026-09-03T20:49:27Z,2910667,33140,4102516,21596866
2026-09-03T23:08:39Z,2910681,33141,4103158,21599601
2026-09-04T03:57:48Z,2910714,33141,4104773,21606742
2026-09-04T08:46:39Z,2910733,33142,4106390,21613128
2026-09-04T13:21:37Z,2910757,33143,4107798,21619167
2026-09-04T17:30:19Z,2910782,33144,4109087,21624855
2026-09-04T20:36:37Z,2910799,33144,4109968,21629016
2026-09-04T22:55:25Z,2910818,33145,4110665,21632505
2026-09-05T05:28:58Z,2910856,33145,4112612,21641679
2026-09-05T10:21:04Z,2910888,33147,4114190,21648111
2026-09-05T13:47:44Z,2910921,33148,4115306,21652487
2026-09-05T16:41:24Z,2910943,33151,4116141,21655769
2026-09-05T18:55:15Z,2910967,33151,4116945,21659044
2026-09-05T21:03:07Z,2910984,33153,4117535,21661429
2026-09-05T23:41:28Z,2910995,33153,4118299,21664556
2026-09-06T04:00:32Z,2911038,33154,4119677,21670877
2026-09-06T09:13:34Z,2911065,33156,4121106,21677322
2026-09-06T13:29:29Z,2911089,33157,4122398,21683269
2026-09-06T16:47:54Z,2911119,33157,4123415,21688121
2026-09-06T18:58:28Z,2911136,33157,4123955,21691016
2026-09-06T21:13:44Z,2911163,33159,4124437,21693575
2026-09-06T23:40:16Z,2911186,33161,4125088,21696753
2026-09-07T03:59:47Z,2911216,33162,4126331,21703133
2026-09-07T09:15:38Z,2911245,33162,4127745,21709367
2026-09-07T15:40:44Z,2911293,33164,4129562,21718234
2026-09-07T19:45:45Z,2911331,33164,4130721,21724465
2026-09-07T22:41:31Z,2911353,33165,4131552,21728911
2026-09-08T01:03:13Z,2911364,33165,4132285,21732864
2026-09-08T07:07:37Z,2911404,33167,4134174,21741864
2026-09-08T12:46:31Z,2911449,33168,4136050,21749687
2026-09-08T17:11:13Z,2911485,33169,4137586,21756740
2026-09-08T20:58:42Z,2911515,33169,4138923,21762507
2026-09-08T23:19:40Z,2911546,33169,4139870,21765830
2026-09-09T04:08:43Z,2911578,33169,4141679,21772964
2026-09-09T09:30:05Z,2911623,33170,4143740,21780887
2026-09-09T14:18:06Z,2911663,33172,4145425,21788154
2026-09-09T18:25:04Z,2911692,33174,4147149,21796218
2026-09-09T21:34:23Z,2911708,33175,4148183,21801861
2026-09-09T23:58:05Z,2911730,33175,4148975,21806027
2026-09-10T04:26:50Z,2911783,33176,4150647,21813881
2026-09-10T09:29:14Z,2911824,33176,4152606,21822338
2026-09-10T14:11:19Z,2911867,33176,4154261,21829984
2026-09-10T18:14:03Z,2911916,33177,4155790,21836728
